Matrix Number,Matrix Rows,Matrix Cols,Matrix Nonzeros,Matrix Redundancy,Matrix Density,Eigen Constructor Time,CSF2 Constructor Time,CSF3 Constructor Time,Eigen InnerIterator Time,CSF2 InnerIterator Time,CSF3 InnerIterator Time,Eigen Scalar Multiplication Time,CSF2 Scalar Multiplication Time,CSF3 Scalar Multiplication Time,Eigen Vector Multiplication Time,CSF2 Vector Multiplication Time,CSF3 Vector Multiplication Time,Eigen Memory Usage,CSF2 Memory Usage,CSF3 Memory Usage,Eigen Transpose Time,CSF2 Transpose Time, CSF3 Transpose Time, Eigen Matrix Multiplication Time, CSF2 Matrix Multiplication Time, CSF3 Matrix Multiplication Time
1.000000, 1138.000000, 1138.000000, 2596.000000, 0.997134, 0.002005,0,0,0,0,0,0,0,0,0,0,0,0,15545084,5246664,1354451,0,0,0,0,0,0,
2.000000, 494.000000, 494.000000, 1080.000000, 0.993620, 0.004426,0,0,0,0,0,0,0,0,0,0,0,0,2930412,1004313,268748,0,0,0,0,0,0,
3.000000, 662.000000, 662.000000, 1568.000000, 0.994923, 0.003578,0,0,0,0,0,0,0,0,0,0,0,0,5261580,1792517,473255,0,0,0,0,0,0,
4.000000, 685.000000, 685.000000, 1967.000000, 0.994384, 0.004192,0,0,0,0,0,0,0,0,0,0,0,0,5633444,1922139,509097,0,0,0,0,0,0,
6.000000, 130.000000, 130.000000, 1282.000000, 0.949941, 0.075858,0,0,0,0,0,0,0,0,0,0,0,0,203324,80702,27464,0,0,0,0,0,0,
23.000000, 48.000000, 48.000000, 224.000000, 0.889323, 0.097222,0,0,0,0,0,0,0,0,0,0,0,0,27844,13323,5646,0,0,0,0,0,0,
24.000000, 66.000000, 66.000000, 2211.000000, 0.516758, 0.507576,0,0,0,0,0,0,0,0,0,0,0,0,52540,45869,26486,0,0,0,0,0,0,
25.000000, 112.000000, 112.000000, 376.000000, 0.961256, 0.029974,0,0,0,0,0,0,0,0,0,0,0,0,150980,58310,19220,0,0,0,0,0,0,
26.000000, 132.000000, 132.000000, 1890.000000, 0.894972, 0.108471,0,0,0,0,0,0,0,0,0,0,0,0,209620,95622,37860,0,0,0,0,0,0,
27.000000, 153.000000, 153.000000, 1288.000000, 0.946474, 0.055022,0,0,0,0,0,0,0,0,0,0,0,0,281524,112397,38411,0,0,0,0,0,0,
28.000000, 420.000000, 420.000000, 4140.000000, 0.975227, 0.023469,0,0,0,0,0,0,0,0,0,0,0,0,2118484,769154,230134,0,0,0,0,0,0,
29.000000, 420.000000, 420.000000, 4140.000000, 0.975227, 0.023469,0,0,0,0,0,0,0,0,0,0,0,0,2118484,769154,230134,0,0,0,0,0,0,
30.000000, 1074.000000, 1074.000000, 7017.000000, 0.994265, 0.006083,0,0,0,0,0,0,0,0,0,0,0,0,13846012,4717107,1246925,0,0,0,0,0,0,
31.000000, 1083.000000, 1083.000000, 9760.000000, 0.992612, 0.008321,0,0,0,0,0,0,0,0,0,0,0,0,14079004,4821553,1290545,0,0,0,0,0,0,
32.000000, 1086.000000, 1086.000000, 11578.000000, 0.989262, 0.009817,0,0,0,0,0,0,0,0,0,0,0,0,14157100,4899616,1341470,0,0,0,0,0,0,
33.000000, 1473.000000, 1473.000000, 17857.000000, 0.991274, 0.008230,0,0,0,0,0,0,0,0,0,0,0,0,26042644,8948650,2412414,0,0,0,0,0,0,
34.000000, 1473.000000, 1473.000000, 17857.000000, 0.991274, 0.008230,0,0,0,0,0,0,0,0,0,0,0,0,26042644,8948650,2412414,0,0,0,0,0,0,
35.000000, 2003.000000, 2003.000000, 42943.000000, 0.989427, 0.010704,0,0,0,0,0,0,0,0,0,0,0,0,48152124,16631542,4545751,0,0,0,0,0,0,
36.000000, 1806.000000, 1806.000000, 32630.000000, 0.989570, 0.010004,0,0,0,0,0,0,0,0,0,0,0,0,39146860,13517724,3687351,0,0,0,0,0,0,
37.000000, 3948.000000, 3948.000000, 60882.000000, 0.996089, 0.003906,0,0,0,0,0,0,0,0,0,0,0,0,187056244,63202449,16370127,0,0,0,0,0,0,
38.000000, 4884.000000, 4884.000000, 147631.000000, 0.993811, 0.006189,0,0,0,0,0,0,0,0,0,0,0,0,286261012,97411117,25690049,0,0,0,0,0,0,
39.000000, 10974.000000, 10974.000000, 219812.000000, 0.998089, 0.001825,0,0,0,0,0,0,0,0,0,0,0,0,1445188012,484882470,123342009,0,0,0,0,0,0,
40.000000, 11948.000000, 11948.000000, 80519.000000, 0.999364, 0.000564,0,0,0,0,0,0,0,0,0,0,0,0,1713104244,572390915,144012002,0,0,0,0,0,0,
41.000000, 817.000000, 817.000000, 3835.000000, 0.993034, 0.005745,0,0,0,0,0,0,0,0,0,0,0,0,8013140,2743502,732432,0,0,0,0,0,0,
42.000000, 485.000000, 485.000000, 1810.000000, 0.990273, 0.007695,0,0,0,0,0,0,0,0,0,0,0,0,2824644,978428,267667,0,0,0,0,0,0,
43.000000, 3600.000000, 3600.000000, 15100.000000, 0.998642, 0.001165,0,0,0,0,0,0,0,0,0,0,0,0,155534404,52126398,13220951,0,0,0,0,0,0,
44.000000, 138.000000, 138.000000, 417.000000, 0.971225, 0.021897,0,0,0,0,0,0,0,0,0,0,0,0,229084,85532,26756,0,0,0,0,0,0,
45.000000, 3134.000000, 3134.000000, 24156.000000, 0.997274, 0.002459,0,0,0,0,0,0,0,0,0,0,0,0,117876012,39686015,10185051,0,0,0,0,0,0,
46.000000, 3562.000000, 3562.000000, 81736.000000, 0.993280, 0.006442,0,0,0,0,0,0,0,0,0,0,0,0,152268380,51916824,13755358,0,0,0,0,0,0,
47.000000, 15439.000000, 15439.000000, 133840.000000, 0.999379, 0.000561,0,0,0,0,0,0,0,0,0,0,0,0,2860414412,955622270,240353377,0,0,0,0,0,0,
48.000000, 1922.000000, 1922.000000, 16129.000000, 0.995151, 0.004366,0,0,0,0,0,0,0,0,0,0,0,0,44336700,15039968,3933105,0,0,0,0,0,0,
49.000000, 1224.000000, 1224.000000, 28675.000000, 0.980043, 0.019140,0,0,0,0,0,0,0,0,0,0,0,0,17983012,6400999,1863074,0,0,0,0,0,0,
50.000000, 4410.000000, 4410.000000, 111717.000000, 0.994029, 0.005744,0,0,0,0,0,0,0,0,0,0,0,0,233394844,79372557,20893784,0,0,0,0,0,0,
56.000000, 48.000000, 48.000000, 48.000000, 0.968750, 0.020833,0,0,0,0,0,0,0,0,0,0,0,0,27844,10944,3816,0,0,0,0,0,0,
57.000000, 66.000000, 66.000000, 66.000000, 0.969697, 0.015152,0,0,0,0,0,0,0,0,0,0,0,0,52540,20220,6756,0,0,0,0,0,0,
58.000000, 112.000000, 112.000000, 112.000000, 0.985332, 0.008929,0,0,0,0,0,0,0,0,0,0,0,0,150980,54384,16200,0,0,0,0,0,0,
59.000000, 132.000000, 132.000000, 132.000000, 0.988636, 0.007576,0,0,0,0,0,0,0,0,0,0,0,0,209620,74406,21540,0,0,0,0,0,0,
60.000000, 153.000000, 153.000000, 153.000000, 0.986928, 0.006536,0,0,0,0,0,0,0,0,0,0,0,0,281524,100086,28941,0,0,0,0,0,0,
61.000000, 420.000000, 420.000000, 420.000000, 0.995238, 0.002381,0,0,0,0,0,0,0,0,0,0,0,0,2118484,723264,191872,0,0,0,0,0,0,
62.000000, 420.000000, 420.000000, 3836.000000, 0.977166, 0.021746,0,0,0,0,0,0,0,0,0,0,0,0,2118484,764708,226404,0,0,0,0,0,0,
63.000000, 1074.000000, 1074.000000, 1074.000000, 0.998138, 0.000931,0,0,0,0,0,0,0,0,0,0,0,0,13846012,4659036,1193800,0,0,0,0,0,0,
64.000000, 1083.000000, 1083.000000, 1083.000000, 0.998153, 0.000923,0,0,0,0,0,0,0,0,0,0,0,0,14079004,4737066,1213555,0,0,0,0,0,0,
65.000000, 1086.000000, 1086.000000, 11589.000000, 0.989253, 0.009826,0,0,0,0,0,0,0,0,0,0,0,0,14157100,4899759,1341602,0,0,0,0,0,0,
66.000000, 1473.000000, 1473.000000, 1473.000000, 0.998642, 0.000679,0,0,0,0,0,0,0,0,0,0,0,0,26042644,8740806,2225215,0,0,0,0,0,0,
67.000000, 1473.000000, 1473.000000, 10566.000000, 0.994621, 0.004870,0,0,0,0,0,0,0,0,0,0,0,0,26042644,8854218,2327490,0,0,0,0,0,0,
68.000000, 2003.000000, 2003.000000, 11973.000000, 0.997597, 0.002984,0,0,0,0,0,0,0,0,0,0,0,0,48152124,16205415,4156453,0,0,0,0,0,0,
69.000000, 817.000000, 817.000000, 817.000000, 0.997552, 0.001224,0,0,0,0,0,0,0,0,0,0,0,0,8013140,2704294,698047,0,0,0,0,0,0,
70.000000, 485.000000, 485.000000, 485.000000, 0.995876, 0.002062,0,0,0,0,0,0,0,0,0,0,0,0,2824644,961294,253167,0,0,0,0,0,0,
71.000000, 3600.000000, 3600.000000, 3600.000000, 0.999444, 0.000278,0,0,0,0,0,0,0,0,0,0,0,0,155534404,51991224,13096312,0,0,0,0,0,0,
72.000000, 138.000000, 138.000000, 138.000000, 0.985507, 0.007246,0,0,0,0,0,0,0,0,0,0,0,0,229084,81996,24036,0,0,0,0,0,0,
73.000000, 3134.000000, 3134.000000, 3134.000000, 0.999362, 0.000319,0,0,0,0,0,0,0,0,0,0,0,0,117876012,39419476,9940560,0,0,0,0,0,0,
74.000000, 3562.000000, 3562.000000, 3562.000000, 0.999439, 0.000281,0,0,0,0,0,0,0,0,0,0,0,0,152268380,50901004,12822712,0,0,0,0,0,0,
75.000000, 15439.000000, 15439.000000, 15439.000000, 0.999870, 0.000065,0,0,0,0,0,0,0,0,0,0,0,0,2860414412,954099346,238948915,0,0,0,0,0,0,
76.000000, 1922.000000, 1922.000000, 1922.000000, 0.998959, 0.000520,0,0,0,0,0,0,0,0,0,0,0,0,44336700,14857084,3766632,0,0,0,0,0,0,
77.000000, 1224.000000, 1224.000000, 28675.000000, 0.980043, 0.019140,0,0,0,0,0,0,0,0,0,0,0,0,17983012,6400999,1863074,0,0,0,0,0,0,
78.000000, 497.000000, 506.000000, 50409.000000, 0.899595, 0.200448,0,0,0,0,0,0,0,0,0,0,0,0,3019812,1342298,547602,0,0,0,0,0,0,
79.000000, 497.000000, 507.000000, 53403.000000, 0.890753, 0.211934,0,0,0,0,0,0,0,0,0,0,0,0,3025780,1373916,573389,0,0,0,0,0,0,
80.000000, 497.000000, 507.000000, 44551.000000, 0.894356, 0.176804,0,0,0,0,0,0,0,0,0,0,0,0,3025780,1362112,564064,0,0,0,0,0,0,
82.000000, 822.000000, 822.000000, 3276.000000, 0.994213, 0.004848,0,0,0,0,0,0,0,0,0,0,0,0,8111500,2766742,731712,0,0,0,0,0,0,
83.000000, 822.000000, 822.000000, 4661.000000, 0.992303, 0.006898,0,0,0,0,0,0,0,0,0,0,0,0,8111500,2783525,746452,0,0,0,0,0,0,
84.000000, 822.000000, 822.000000, 4726.000000, 0.992184, 0.006994,0,0,0,0,0,0,0,0,0,0,0,0,8111500,2784565,747328,0,0,0,0,0,0,
85.000000, 822.000000, 822.000000, 4790.000000, 0.992094, 0.007089,0,0,0,0,0,0,0,0,0,0,0,0,8111500,2785358,748053,0,0,0,0,0,0,
86.000000, 822.000000, 822.000000, 4841.000000, 0.991996, 0.007165,0,0,0,0,0,0,0,0,0,0,0,0,8111500,2786216,748824,0,0,0,0,0,0,
87.000000, 822.000000, 822.000000, 3802.000000, 0.993485, 0.005627,0,0,0,0,0,0,0,0,0,0,0,0,8111500,2773138,737346,0,0,0,0,0,0,
88.000000, 822.000000, 822.000000, 4028.000000, 0.993165, 0.005961,0,0,0,0,0,0,0,0,0,0,0,0,8111500,2775946,739868,0,0,0,0,0,0,
89.000000, 822.000000, 822.000000, 4172.000000, 0.992970, 0.006174,0,0,0,0,0,0,0,0,0,0,0,0,8111500,2777662,741396,0,0,0,0,0,0,
90.000000, 822.000000, 822.000000, 4534.000000, 0.992467, 0.006710,0,0,0,0,0,0,0,0,0,0,0,0,8111500,2782082,745216,0,0,0,0,0,0,
141.000000, 183.000000, 183.000000, 1069.000000, 0.965810, 0.031921,0,0,0,0,0,0,0,0,0,0,0,0,402604,151793,47891,0,0,0,0,0,0,
142.000000, 183.000000, 183.000000, 1069.000000, 0.964018, 0.031921,0,0,0,0,0,0,0,0,0,0,0,0,402604,152573,48491,0,0,0,0,0,0,
143.000000, 183.000000, 183.000000, 1069.000000, 0.964227, 0.031921,0,0,0,0,0,0,0,0,0,0,0,0,402604,152482,48421,0,0,0,0,0,0,
144.000000, 183.000000, 183.000000, 1069.000000, 0.965899, 0.031921,0,0,0,0,0,0,0,0,0,0,0,0,402604,151754,47861,0,0,0,0,0,0,
145.000000, 541.000000, 541.000000, 4285.000000, 0.983586, 0.014641,0,0,0,0,0,0,0,0,0,0,0,0,3514340,1241856,353908,0,0,0,0,0,0,
146.000000, 541.000000, 541.000000, 4285.000000, 0.983521, 0.014641,0,0,0,0,0,0,0,0,0,0,0,0,3514340,1242103,354135,0,0,0,0,0,0,
147.000000, 541.000000, 541.000000, 4285.000000, 0.983521, 0.014641,0,0,0,0,0,0,0,0,0,0,0,0,3514340,1242103,354135,0,0,0,0,0,0,
148.000000, 541.000000, 541.000000, 4285.000000, 0.983555, 0.014641,0,0,0,0,0,0,0,0,0,0,0,0,3514340,1241973,354031,0,0,0,0,0,0,
149.000000, 680.000000, 680.000000, 2646.000000, 0.994308, 0.005722,0,0,0,0,0,0,0,0,0,0,0,0,5551524,1894720,501279,0,0,0,0,0,0,
150.000000, 680.000000, 680.000000, 2646.000000, 0.993480, 0.005722,0,0,0,0,0,0,0,0,0,0,0,0,5551524,1899699,505440,0,0,0,0,0,0,
151.000000, 680.000000, 680.000000, 2646.000000, 0.993369, 0.005722,0,0,0,0,0,0,0,0,0,0,0,0,5551524,1900362,505931,0,0,0,0,0,0,
152.000000, 760.000000, 760.000000, 5976.000000, 0.988980, 0.010346,0,0,0,0,0,0,0,0,0,0,0,0,6934244,2405329,660103,0,0,0,0,0,0,
153.000000, 760.000000, 760.000000, 5976.000000, 0.988980, 0.010346,0,0,0,0,0,0,0,0,0,0,0,0,6934244,2405329,660103,0,0,0,0,0,0,
154.000000, 760.000000, 760.000000, 5976.000000, 0.988953, 0.010346,0,0,0,0,0,0,0,0,0,0,0,0,6934244,2405537,660381,0,0,0,0,0,0,
155.000000, 4929.000000, 10595.000000, 47369.000000, 0.998907, 0.000907,0,0,0,0,0,0,0,0,0,0,0,0,626715444,209802279,53050965,0,0,0,0,0,0,
156.000000, 4929.000000, 4929.000000, 33185.000000, 0.998440, 0.001366,0,0,0,0,0,0,0,0,0,0,0,0,291560212,97751843,24815525,0,0,0,0,0,0,
157.000000, 4929.000000, 4929.000000, 33111.000000, 0.998442, 0.001363,0,0,0,0,0,0,0,0,0,0,0,0,291560212,97751063,24814801,0,0,0,0,0,0,
159.000000, 900.000000, 900.000000, 4322.000000, 0.996668, 0.005336,0,0,0,0,0,0,0,0,0,0,0,0,9723604,3289511,855776,0,0,0,0,0,0,
160.000000, 1107.000000, 1107.000000, 5664.000000, 0.995320, 0.004622,0,0,0,0,0,0,0,0,0,0,0,0,14709820,4994087,1308433,0,0,0,0,0,0,
161.000000, 115.000000, 115.000000, 421.000000, 0.961739, 0.031834,0,0,0,0,0,0,0,0,0,0,0,0,159164,61342,20149,0,0,0,0,0,0,
162.000000, 185.000000, 185.000000, 1005.000000, 0.973557, 0.029364,0,0,0,0,0,0,0,0,0,0,0,0,411444,151649,46259,0,0,0,0,0,0,
163.000000, 216.000000, 216.000000, 876.000000, 0.989712, 0.018776,0,0,0,0,0,0,0,0,0,0,0,0,560740,196344,54936,0,0,0,0,0,0,
164.000000, 216.000000, 216.000000, 876.000000, 0.985532, 0.018776,0,0,0,0,0,0,0,0,0,0,0,0,560740,198879,56886,0,0,0,0,0,0,
165.000000, 343.000000, 343.000000, 1435.000000, 0.993676, 0.012197,0,0,0,0,0,0,0,0,0,0,0,0,1413164,485780,130860,0,0,0,0,0,0,
166.000000, 512.000000, 512.000000, 2192.000000, 0.995834, 0.008362,0,0,0,0,0,0,0,0,0,0,0,0,3147780,1070988,282255,0,0,0,0,0,0,
167.000000, 434.000000, 434.000000, 4710.000000, 0.979815, 0.025006,0,0,0,0,0,0,0,0,0,0,0,0,2262012,809818,236926,0,0,0,0,0,0,
169.000000, 1033.000000, 320.000000, 4732.000000, 0.992017, 0.014315,0,0,0,0,0,0,0,0,0,0,0,0,3968004,1361691,368899,0,0,0,0,0,0,
170.000000, 1850.000000, 712.000000, 8758.000000, 0.996267, 0.006649,0,0,0,0,0,0,0,0,0,0,0,0,15809252,5344137,1395065,0,0,0,0,0,0,
171.000000, 207.000000, 207.000000, 572.000000, 0.983524, 0.013349,0,0,0,0,0,0,0,0,0,0,0,0,515020,183910,53245,0,0,0,0,0,0,
172.000000, 59.000000, 59.000000, 312.000000, 0.910945, 0.089629,0,0,0,0,0,0,0,0,0,0,0,0,42012,18922,7549,0,0,0,0,0,0,
173.000000, 137.000000, 137.000000, 411.000000, 0.981778, 0.021898,0,0,0,0,0,0,0,0,0,0,0,0,225780,81738,24405,0,0,0,0,0,0,
174.000000, 425.000000, 425.000000, 1339.000000, 0.994065, 0.007413,0,0,0,0,0,0,0,0,0,0,0,0,2169204,743260,198903,0,0,0,0,0,0,
175.000000, 225.000000, 225.000000, 1308.000000, 0.972978, 0.025837,0,0,0,0,0,0,0,0,0,0,0,0,608404,223908,67929,0,0,0,0,0,0,
187.000000, 991.000000, 991.000000, 6027.000000, 0.996981, 0.006137,0,0,0,0,0,0,0,0,0,0,0,0,11788940,3982749,1033215,0,0,0,0,0,0,
188.000000, 131.000000, 131.000000, 536.000000, 0.962007, 0.031234,0,0,0,0,0,0,0,0,0,0,0,0,206460,79240,25801,0,0,0,0,0,0,
189.000000, 3937.000000, 3937.000000, 25407.000000, 0.998110, 0.001639,0,0,0,0,0,0,0,0,0,0,0,0,186015380,62443740,15902839,0,0,0,0,0,0,
190.000000, 511.000000, 511.000000, 2796.000000, 0.987393, 0.010708,0,0,0,0,0,0,0,0,0,0,0,0,3135500,1095480,304860,0,0,0,0,0,0,
191.000000, 3937.000000, 3937.000000, 25407.000000, 0.998110, 0.001639,0,0,0,0,0,0,0,0,0,0,0,0,186015380,62443740,15904118,0,0,0,0,0,0,
192.000000, 131.000000, 131.000000, 536.000000, 0.962007, 0.031234,0,0,0,0,0,0,0,0,0,0,0,0,206460,79240,25801,0,0,0,0,0,0,
193.000000, 511.000000, 511.000000, 2796.000000, 0.987393, 0.010708,0,0,0,0,0,0,0,0,0,0,0,0,3135500,1095480,305072,0,0,0,0,0,0,
206.000000, 147.000000, 147.000000, 1298.000000, 0.936554, 0.060068,0,0,0,0,0,0,0,0,0,0,0,0,259900,106635,37695,0,0,0,0,0,0,
207.000000, 147.000000, 147.000000, 1294.000000, 0.936462, 0.059882,0,0,0,0,0,0,0,0,0,0,0,0,259900,106661,37715,0,0,0,0,0,0,
208.000000, 1258.000000, 1258.000000, 7682.000000, 0.996140, 0.004854,0,0,0,0,0,0,0,0,0,0,0,0,18995804,6429825,1673755,0,0,0,0,0,0,
209.000000, 496.000000, 496.000000, 49920.000000, 0.899393, 0.202914,0,0,0,0,0,0,0,0,0,0,0,0,2954180,1313787,536008,0,0,0,0,0,0,
210.000000, 496.000000, 496.000000, 49920.000000, 0.899393, 0.202914,0,0,0,0,0,0,0,0,0,0,0,0,2954180,1313787,536008,0,0,0,0,0,0,
211.000000, 496.000000, 496.000000, 41063.000000, 0.903104, 0.166912,0,0,0,0,0,0,0,0,0,0,0,0,2954180,1301918,526623,0,0,0,0,0,0,
212.000000, 180.000000, 180.000000, 2659.000000, 0.912377, 0.082068,0,0,0,0,0,0,0,0,0,0,0,0,389524,169411,63694,0,0,0,0,0,0,
213.000000, 765.000000, 765.000000, 24382.000000, 0.957030, 0.041663,0,0,0,0,0,0,0,0,0,0,0,0,7025764,2680075,885931,0,0,0,0,0,0,
214.000000, 1374.000000, 1374.000000, 8606.000000, 0.996765, 0.004559,0,0,0,0,0,0,0,0,0,0,0,0,22660012,7652903,1981705,0,0,0,0,0,0,
215.000000, 261.000000, 261.000000, 1500.000000, 0.983529, 0.022020,0,0,0,0,0,0,0,0,0,0,0,0,818500,291270,83569,0,0,0,0,0,0,
216.000000, 666.000000, 666.000000, 4044.000000, 0.993408, 0.009117,0,0,0,0,0,0,0,0,0,0,0,0,5325340,1822916,487249,0,0,0,0,0,0,
217.000000, 237.000000, 237.000000, 627.000000, 0.984618, 0.011163,0,0,0,0,0,0,0,0,0,0,0,0,674980,239724,68625,0,0,0,0,0,0,
218.000000, 957.000000, 957.000000, 2547.000000, 0.996174, 0.002781,0,0,0,0,0,0,0,0,0,0,0,0,10994020,3724284,969965,0,0,0,0,0,0,
219.000000, 960.000000, 960.000000, 8402.000000, 0.990771, 0.009117,0,0,0,0,0,0,0,0,0,0,0,0,11063044,3812349,1034062,0,0,0,0,0,0,
220.000000, 100.000000, 100.000000, 347.000000, 0.957100, 0.034700,0,0,0,0,0,0,0,0,0,0,0,0,120404,47201,15914,0,0,0,0,0,0,
221.000000, 468.000000, 468.000000, 2820.000000, 0.985540, 0.012875,0,0,0,0,0,0,0,0,0,0,0,0,2630164,924779,260914,0,0,0,0,0,0,
222.000000, 675.000000, 675.000000, 1965.000000, 0.995136, 0.004313,0,0,0,0,0,0,0,0,0,0,0,0,5470204,1862132,490807,0,0,0,0,0,0,
223.000000, 729.000000, 729.000000, 2673.000000, 0.995288, 0.005030,0,0,0,0,0,0,0,0,0,0,0,0,6380212,2170004,571056,0,0,0,0,0,0,
224.000000, 2529.000000, 2529.000000, 90158.000000, 0.990881, 0.014096,0,0,0,0,0,0,0,0,0,0,0,0,76760212,26382025,7134001,0,0,0,0,0,0,
225.000000, 1030.000000, 1030.000000, 6858.000000, 0.993571, 0.006464,0,0,0,0,0,0,0,0,0,0,0,0,12734924,4348777,1155258,0,0,0,0,0,0,
226.000000, 886.000000, 886.000000, 5970.000000, 0.992534, 0.007605,0,0,0,0,0,0,0,0,0,0,0,0,9423500,3230377,865746,0,0,0,0,0,0,
227.000000, 2205.000000, 2205.000000, 14133.000000, 0.997015, 0.002907,0,0,0,0,0,0,0,0,0,0,0,0,58353124,19672086,5065960,0,0,0,0,0,0,
228.000000, 1919.000000, 1919.000000, 17159.000000, 0.994827, 0.004660,0,0,0,0,0,0,0,0,0,0,0,0,44198412,15008609,3936605,0,0,0,0,0,0,
229.000000, 362.000000, 362.000000, 3074.000000, 0.973810, 0.023458,0,0,0,0,0,0,0,0,0,0,0,0,1573980,574608,174104,0,0,0,0,0,0,
230.000000, 1919.000000, 1919.000000, 4831.000000, 0.998167, 0.001312,0,0,0,0,0,0,0,0,0,0,0,0,44198412,14848722,3790451,0,0,0,0,0,0,
231.000000, 362.000000, 362.000000, 880.000000, 0.990522, 0.006715,0,0,0,0,0,0,0,0,0,0,0,0,1573980,546138,150476,0,0,0,0,0,0,
232.000000, 30.000000, 30.000000, 180.000000, 0.766667, 0.200000,0,0,0,0,0,0,0,0,0,0,0,0,10924,6834,3504,0,0,0,0,0,0,
233.000000, 1224.000000, 1224.000000, 9613.000000, 0.993461, 0.006416,0,0,0,0,0,0,0,0,0,0,0,0,17983012,6139660,1630323,0,0,0,0,0,0,
234.000000, 532.000000, 532.000000, 3474.000000, 0.985846, 0.012275,0,0,0,0,0,0,0,0,0,0,0,0,3398420,1192710,335572,0,0,0,0,0,0,
235.000000, 3140.000000, 3140.000000, 543162.000000, 0.981230, 0.055090,0,0,0,0,0,0,0,0,0,0,0,0,118327764,41894535,12422101,0,0,0,0,0,0,
236.000000, 3140.000000, 3140.000000, 540022.000000, 0.944911, 0.054771,0,0,0,0,0,0,0,0,0,0,0,0,118327764,46549627,16309545,0,0,0,0,0,0,
237.000000, 3140.000000, 3140.000000, 543162.000000, 0.944594, 0.055090,0,0,0,0,0,0,0,0,0,0,0,0,118327764,46590330,16346614,0,0,0,0,0,0,
239.000000, 238.000000, 238.000000, 1128.000000, 0.977720, 0.019914,0,0,0,0,0,0,0,0,0,0,0,0,680684,246814,73096,0,0,0,0,0,0,
240.000000, 1000.000000, 1000.000000, 2375.000000, 0.996673, 0.002375,0,0,0,0,0,0,0,0,0,0,0,0,12004004,4059275,1052766,0,0,0,0,0,0,
241.000000, 3564.000000, 3564.000000, 12940.000000, 0.998922, 0.001019,0,0,0,0,0,0,0,0,0,0,0,0,152439412,51043519,12917677,0,0,0,0,0,0,
242.000000, 1000.000000, 1000.000000, 2375.000000, 0.996673, 0.002375,0,0,0,0,0,0,0,0,0,0,0,0,12004004,4059275,1052766,0,0,0,0,0,0,
243.000000, 1080.000000, 1080.000000, 23094.000000, 0.979291, 0.019799,0,0,0,0,0,0,0,0,0,0,0,0,14001124,4996919,1461637,0,0,0,0,0,0,
244.000000, 5005.000000, 5005.000000, 20033.000000, 0.999028, 0.000800,0,0,0,0,0,0,0,0,0,0,0,0,300620324,100596650,25411938,0,0,0,0,0,0,
245.000000, 1104.000000, 1104.000000, 3786.000000, 0.995988, 0.003106,0,0,0,0,0,0,0,0,0,0,0,0,14630212,4956522,1291122,0,0,0,0,0,0,
246.000000, 3312.000000, 3312.000000, 20793.000000, 0.997803, 0.001896,0,0,0,0,0,0,0,0,0,0,0,0,131645380,44243757,11302668,0,0,0,0,0,0,
247.000000, 663.000000, 663.000000, 1687.000000, 0.994815, 0.003838,0,0,0,0,0,0,0,0,0,0,0,0,5277484,1798535,474434,0,0,0,0,0,0,
248.000000, 663.000000, 663.000000, 1726.000000, 0.994743, 0.003927,0,0,0,0,0,0,0,0,0,0,0,0,5277484,1798951,474808,0,0,0,0,0,0,
249.000000, 663.000000, 663.000000, 1712.000000, 0.994770, 0.003895,0,0,0,0,0,0,0,0,0,0,0,0,5277484,1798795,474685,0,0,0,0,0,0,
251.000000, 240.000000, 240.000000, 3762.000000, 0.959583, 0.065312,0,0,0,0,0,0,0,0,0,0,0,0,692164,264528,84744,0,0,0,0,0,0,
252.000000, 600.000000, 600.000000, 13760.000000, 0.983561, 0.038222,0,0,0,0,0,0,0,0,0,0,0,0,4322404,1526558,435076,0,0,0,0,0,0,
253.000000, 80.000000, 80.000000, 928.000000, 0.938437, 0.145000,0,0,0,0,0,0,0,0,0,0,0,0,77124,32026,11644,0,0,0,0,0,0,
254.000000, 363.000000, 363.000000, 2454.000000, 0.978971, 0.018624,0,0,0,0,0,0,0,0,0,0,0,0,1582684,568931,166498,0,0,0,0,0,0,
255.000000, 363.000000, 363.000000, 3068.000000, 0.974311, 0.023283,0,0,0,0,0,0,0,0,0,0,0,0,1582684,576913,173128,0,0,0,0,0,0,
256.000000, 363.000000, 363.000000, 3157.000000, 0.973757, 0.023959,0,0,0,0,0,0,0,0,0,0,0,0,1582684,577862,174075,0,0,0,0,0,0,
257.000000, 363.000000, 363.000000, 3279.000000, 0.972877, 0.024884,0,0,0,0,0,0,0,0,0,0,0,0,1582684,579370,175280,0,0,0,0,0,0,
258.000000, 1856.000000, 1856.000000, 11360.000000, 0.996173, 0.003298,0,0,0,0,0,0,0,0,0,0,0,0,41344260,13980030,3626312,0,0,0,0,0,0,
259.000000, 1856.000000, 1856.000000, 11550.000000, 0.996155, 0.003353,0,0,0,0,0,0,0,0,0,0,0,0,41344260,13980862,3626952,0,0,0,0,0,0,
260.000000, 1033.000000, 320.000000, 4732.000000, 0.991977, 0.014315,0,0,0,0,0,0,0,0,0,0,0,0,3968004,1361860,369038,0,0,0,0,0,0,
261.000000, 1850.000000, 712.000000, 8758.000000, 0.996177, 0.006649,0,0,0,0,0,0,0,0,0,0,0,0,15809252,5345684,1396420,0,0,0,0,0,0,
262.000000, 67.000000, 67.000000, 294.000000, 0.924037, 0.065493,0,0,0,0,0,0,0,0,0,0,0,0,54140,23485,8995,0,0,0,0,0,0,
263.000000, 132.000000, 132.000000, 414.000000, 0.971361, 0.023760,0,0,0,0,0,0,0,0,0,0,0,0,209620,78319,24550,0,0,0,0,0,0,
264.000000, 156.000000, 156.000000, 371.000000, 0.980687, 0.015245,0,0,0,0,0,0,0,0,0,0,0,0,292660,105974,31556,0,0,0,0,0,0,
265.000000, 167.000000, 167.000000, 507.000000, 0.977733, 0.018179,0,0,0,0,0,0,0,0,0,0,0,0,335340,122325,36795,0,0,0,0,0,0,
266.000000, 381.000000, 381.000000, 2157.000000, 0.984149, 0.014859,0,0,0,0,0,0,0,0,0,0,0,0,1743460,616677,176205,0,0,0,0,0,0,
267.000000, 479.000000, 479.000000, 1910.000000, 0.990734, 0.008325,0,0,0,0,0,0,0,0,0,0,0,0,2755212,953090,260248,0,0,0,0,0,0,
268.000000, 497.000000, 497.000000, 1727.000000, 0.991830, 0.006992,0,0,0,0,0,0,0,0,0,0,0,0,2966100,1022246,276659,0,0,0,0,0,0,
269.000000, 655.000000, 655.000000, 2854.000000, 0.992919, 0.006652,0,0,0,0,0,0,0,0,0,0,0,0,5150924,1766098,473456,0,0,0,0,0,0,
270.000000, 989.000000, 989.000000, 3537.000000, 0.995952, 0.003616,0,0,0,0,0,0,0,0,0,0,0,0,11741412,3979799,1038484,0,0,0,0,0,0,
271.000000, 1505.000000, 1505.000000, 5445.000000, 0.997326, 0.002404,0,0,0,0,0,0,0,0,0,0,0,0,27186324,9162932,2358089,0,0,0,0,0,0,
272.000000, 2021.000000, 2021.000000, 7353.000000, 0.997906, 0.001800,0,0,0,0,0,0,0,0,0,0,0,0,49021380,16481287,4214454,0,0,0,0,0,0,
275.000000, 207.000000, 277.000000, 2909.000000, 0.948639, 0.050733,0,0,0,0,0,0,0,0,0,0,0,0,689180,272097,91245,0,0,0,0,0,0,
276.000000, 207.000000, 260.000000, 2942.000000, 0.943738, 0.054664,0,0,0,0,0,0,0,0,0,0,0,0,646884,258828,88284,0,0,0,0,0,0,
277.000000, 207.000000, 260.000000, 2948.000000, 0.943571, 0.054775,0,0,0,0,0,0,0,0,0,0,0,0,646884,258945,88374,0,0,0,0,0,0,
280.000000, 841.000000, 841.000000, 3988.000000, 0.996023, 0.005638,0,0,0,0,0,0,0,0,0,0,0,0,8490740,2879173,752944,0,0,0,0,0,0,
282.000000, 2873.000000, 2873.000000, 15032.000000, 0.999573, 0.001821,0,0,0,0,0,0,0,0,0,0,0,0,99061044,33108281,8336199,0,0,0,0,0,0,
287.000000, 1794.000000, 1794.000000, 7764.000000, 0.997030, 0.002412,0,0,0,0,0,0,0,0,0,0,0,0,38628412,13026726,3352644,0,0,0,0,0,0,
288.000000, 14734.000000, 14734.000000, 95053.000000, 0.999561, 0.000438,0,0,0,0,0,0,0,0,0,0,0,0,2605148012,869837406,218451887,0,0,0,0,0,0,
291.000000, 23560.000000, 23560.000000, 484256.000000, 0.999166, 0.000872,0,0,0,0,0,0,0,0,0,0,0,0,6660977444,2226690098,560972162,0,0,0,0,0,0,
292.000000, 398.000000, 398.000000, 3678.000000, 0.982583, 0.023219,0,0,0,0,0,0,0,0,0,0,0,0,1902444,675875,193983,0,0,0,0,0,0,
293.000000, 62.000000, 62.000000, 450.000000, 0.895421, 0.117066,0,0,0,0,0,0,0,0,0,0,0,0,46380,21618,8880,0,0,0,0,0,0,
294.000000, 782.000000, 782.000000, 7514.000000, 0.988895, 0.012287,0,0,0,0,0,0,0,0,0,0,0,0,7341420,2546915,699227,0,0,0,0,0,0,
295.000000, 398.000000, 398.000000, 1654.000000, 0.991673, 0.010442,0,0,0,0,0,0,0,0,0,0,0,0,1902444,657155,178912,0,0,0,0,0,0,
296.000000, 62.000000, 62.000000, 202.000000, 0.947190, 0.052549,0,0,0,0,0,0,0,0,0,0,0,0,46380,19031,6890,0,0,0,0,0,0,
297.000000, 782.000000, 782.000000, 3382.000000, 0.994550, 0.005530,0,0,0,0,0,0,0,0,0,0,0,0,7341420,2501961,661518,0,0,0,0,0,0,
298.000000, 200.000000, 200.000000, 796.000000, 0.980000, 0.019900,0,0,0,0,0,0,0,0,0,0,0,0,480804,173624,51224,0,0,0,0,0,0,
299.000000, 2000.000000, 2000.000000, 7996.000000, 0.998000, 0.001999,0,0,0,0,0,0,0,0,0,0,0,0,48008004,16136024,4124226,0,0,0,0,0,0,
300.000000, 961.000000, 961.000000, 4681.000000, 0.993891, 0.005069,0,0,0,0,0,0,0,0,0,0,0,0,11086100,3782830,1002239,0,0,0,0,0,0,
301.000000, 961.000000, 961.000000, 4681.000000, 0.993891, 0.005069,0,0,0,0,0,0,0,0,0,0,0,0,11086100,3782830,1002239,0,0,0,0,0,0,
302.000000, 961.000000, 961.000000, 4681.000000, 0.993891, 0.005069,0,0,0,0,0,0,0,0,0,0,0,0,11086100,3782830,1002239,0,0,0,0,0,0,
303.000000, 961.000000, 961.000000, 4681.000000, 0.993891, 0.005069,0,0,0,0,0,0,0,0,0,0,0,0,11086100,3782830,1002239,0,0,0,0,0,0,
304.000000, 961.000000, 961.000000, 4681.000000, 0.993891, 0.005069,0,0,0,0,0,0,0,0,0,0,0,0,11086100,3782830,1002239,0,0,0,0,0,0,
305.000000, 961.000000, 961.000000, 4681.000000, 0.993891, 0.005069,0,0,0,0,0,0,0,0,0,0,0,0,11086100,3782830,1002239,0,0,0,0,0,0,
306.000000, 104.000000, 104.000000, 992.000000, 0.898669, 0.091716,0,0,0,0,0,0,0,0,0,0,0,0,130212,59200,23464,0,0,0,0,0,0,
307.000000, 400.000000, 400.000000, 2860.000000, 0.979975, 0.017875,0,0,0,0,0,0,0,0,0,0,0,0,1921604,688076,200132,0,0,0,0,0,0,
308.000000, 656.000000, 656.000000, 3884.000000, 0.989580, 0.009026,0,0,0,0,0,0,0,0,0,0,0,0,5166660,1790156,490060,0,0,0,0,0,0,
309.000000, 2048.000000, 2048.000000, 10114.000000, 0.997358, 0.002411,0,0,0,0,0,0,0,0,0,0,0,0,50339844,16954087,4354683,0,0,0,0,0,0,
310.000000, 512.000000, 512.000000, 2480.000000, 0.990173, 0.009460,0,0,0,0,0,0,0,0,0,0,0,0,3147780,1090280,298392,0,0,0,0,0,0,
311.000000, 512.000000, 512.000000, 2500.000000, 0.989326, 0.009537,0,0,0,0,0,0,0,0,0,0,0,0,3147780,1093166,300758,0,0,0,0,0,0,
312.000000, 8192.000000, 8192.000000, 41746.000000, 0.999386, 0.000622,0,0,0,0,0,0,0,0,0,0,0,0,805339140,269102464,67724434,0,0,0,0,0,0,
313.000000, 163.000000, 163.000000, 935.000000, 0.966126, 0.035191,0,0,0,0,0,0,0,0,0,0,0,0,319484,120608,38201,0,0,0,0,0,0,
314.000000, 416.000000, 416.000000, 8562.000000, 0.948606, 0.049475,0,0,0,0,0,0,0,0,0,0,0,0,2078340,814526,275277,0,0,0,0,0,0,
315.000000, 416.000000, 416.000000, 1364.000000, 0.989726, 0.007882,0,0,0,0,0,0,0,0,0,0,0,0,2078340,722018,198596,0,0,0,0,0,0,
316.000000, 400.000000, 400.000000, 1201.000000, 0.992475, 0.007506,0,0,0,0,0,0,0,0,0,0,0,0,1921604,662076,179187,0,0,0,0,0,0,
317.000000, 400.000000, 400.000000, 399.000000, 0.995006, 0.002494,0,0,0,0,0,0,0,0,0,0,0,0,1921604,656811,174700,0,0,0,0,0,0,
318.000000, 100.000000, 100.000000, 396.000000, 0.960000, 0.039600,0,0,0,0,0,0,0,0,0,0,0,0,120404,46824,15624,0,0,0,0,0,0,
319.000000, 1000.000000, 1000.000000, 3996.000000, 0.996000, 0.003996,0,0,0,0,0,0,0,0,0,0,0,0,12004004,4068024,1061224,0,0,0,0,0,0,
320.000000, 2000.000000, 2000.000000, 7996.000000, 0.998000, 0.001999,0,0,0,0,0,0,0,0,0,0,0,0,48008004,16136024,4124224,0,0,0,0,0,0,
321.000000, 500.000000, 500.000000, 1996.000000, 0.992000, 0.007984,0,0,0,0,0,0,0,0,0,0,0,0,3002004,1034024,279724,0,0,0,0,0,0,
322.000000, 5000.000000, 5000.000000, 19996.000000, 0.999200, 0.000800,0,0,0,0,0,0,0,0,0,0,0,0,300020004,100340024,25313224,0,0,0,0,0,0,
323.000000, 225.000000, 225.000000, 1065.000000, 0.974519, 0.021037,0,0,0,0,0,0,0,0,0,0,0,0,608404,222894,67149,0,0,0,0,0,0,
324.000000, 2961.000000, 2961.000000, 14585.000000, 0.997999, 0.001664,0,0,0,0,0,0,0,0,0,0,0,0,105222100,35345582,9017107,0,0,0,0,0,0,
325.000000, 900.000000, 900.000000, 4380.000000, 0.993481, 0.005407,0,0,0,0,0,0,0,0,0,0,0,0,9723604,3323064,883518,0,0,0,0,0,0,
328.000000, 882.000000, 882.000000, 3354.000000, 0.994776, 0.004311,0,0,0,0,0,0,0,0,0,0,0,0,9338620,3178664,837428,0,0,0,0,0,0,
329.000000, 480.000000, 480.000000, 17088.000000, 0.933572, 0.074167,0,0,0,0,0,0,0,0,0,0,0,0,2766724,1128269,406064,0,0,0,0,0,0,
330.000000, 480.000000, 480.000000, 17088.000000, 0.932183, 0.074167,0,0,0,0,0,0,0,0,0,0,0,0,2766724,1132429,409212,0,0,0,0,0,0,
331.000000, 2048.000000, 2048.000000, 12032.000000, 0.998047, 0.002869,0,0,0,0,0,0,0,0,0,0,0,0,50339844,16916504,4324652,0,0,0,0,0,0,
332.000000, 5000.000000, 5000.000000, 29600.000000, 0.999200, 0.001184,0,0,0,0,0,0,0,0,0,0,0,0,300020004,100340024,25321934,0,0,0,0,0,0,
333.000000, 968.000000, 968.000000, 5632.000000, 0.995868, 0.006011,0,0,0,0,0,0,0,0,0,0,0,0,11248164,3813944,997338,0,0,0,0,0,0,
334.000000, 136.000000, 136.000000, 479.000000, 0.972048, 0.025897,0,0,0,0,0,0,0,0,0,0,0,0,222500,82905,25866,0,0,0,0,0,0,
335.000000, 496.000000, 496.000000, 1859.000000, 0.992139, 0.007556,0,0,0,0,0,0,0,0,0,0,0,0,2954180,1017166,274881,0,0,0,0,0,0,
336.000000, 5151.000000, 5151.000000, 20199.000000, 0.999229, 0.000761,0,0,0,0,0,0,0,0,0,0,0,0,318414220,106479468,26853444,0,0,0,0,0,0,
337.000000, 100.000000, 100.000000, 396.000000, 0.950600, 0.039600,0,0,0,0,0,0,0,0,0,0,0,0,120404,48046,16564,0,0,0,0,0,0,
338.000000, 1000.000000, 1000.000000, 3996.000000, 0.995005, 0.003996,0,0,0,0,0,0,0,0,0,0,0,0,12004004,4080959,1071920,0,0,0,0,0,0,
339.000000, 588.000000, 588.000000, 11003.000000, 0.966519, 0.031824,0,0,0,0,0,0,0,0,0,0,0,0,4151284,1542896,484431,0,0,0,0,0,0,
341.000000, 23052.000000, 23052.000000, 583096.000000, 0.998860, 0.001097,0,0,0,0,0,0,0,0,0,0,0,0,6376828660,2133823592,538976647,0,0,0,0,0,0,
343.000000, 8032.000000, 8032.000000, 181746.000000, 0.997086, 0.002817,0,0,0,0,0,0,0,0,0,0,0,0,774188420,260624242,66873541,0,0,0,0,0,0,
344.000000, 588.000000, 588.000000, 12429.000000, 0.963169, 0.035949,0,0,0,0,0,0,0,0,0,0,0,0,4151284,1557950,497169,0,0,0,0,0,0,
346.000000, 23052.000000, 23052.000000, 166389.000000, 0.999817, 0.000313,0,0,0,0,0,0,0,0,0,0,0,0,6376828660,2127215211,532886641,0,0,0,0,0,0,
348.000000, 8032.000000, 8032.000000, 7842.000000, 0.999758, 0.000122,0,0,0,0,0,0,0,0,0,0,0,0,774188420,258383978,64812407,0,0,0,0,0,0,
350.000000, 4875.000000, 4875.000000, 160383.000000, 0.993180, 0.006749,0,0,0,0,0,0,0,0,0,0,0,0,285207004,97247538,25772117,0,0,0,0,0,0,
351.000000, 13965.000000, 13965.000000, 491274.000000, 0.997465, 0.002519,0,0,0,0,0,0,0,0,0,0,0,0,2340310564,786735486,201148138,0,0,0,0,0,0,
353.000000, 4875.000000, 4875.000000, 55107.000000, 0.997876, 0.002319,0,0,0,0,0,0,0,0,0,0,0,0,285207004,95796699,24446132,0,0,0,0,0,0,
354.000000, 13965.000000, 13965.000000, 168435.000000, 0.999295, 0.000864,0,0,0,0,0,0,0,0,0,0,0,0,2340310564,782096280,196909912,0,0,0,0,0,0,
357.000000, 726.000000, 726.000000, 17622.000000, 0.976220, 0.033434,0,0,0,0,0,0,0,0,0,0,0,0,6327820,2282886,684833,0,0,0,0,0,0,
358.000000, 1050.000000, 1050.000000, 15103.000000, 0.989498, 0.013699,0,0,0,0,0,0,0,0,0,0,0,0,13234204,4577351,1256407,0,0,0,0,0,0,
359.000000, 1440.000000, 1440.000000, 23855.000000, 0.989376, 0.011504,0,0,0,0,0,0,0,0,0,0,0,0,24888964,8603854,2359020,0,0,0,0,0,0,
360.000000, 4515.000000, 4515.000000, 51111.000000, 0.997349, 0.002507,0,0,0,0,0,0,0,0,0,0,0,0,244640764,82315606,21094910,0,0,0,0,0,0,
361.000000, 10848.000000, 10848.000000, 620313.000000, 0.994640, 0.005271,0,0,0,0,0,0,0,0,0,0,0,0,1412192644,479089433,125397949,0,0,0,0,0,0,
362.000000, 23052.000000, 23052.000000, 588933.000000, 0.998860, 0.001108,0,0,0,0,0,0,0,0,0,0,0,0,6376828660,2133821356,538983198,0,0,0,0,0,0,
363.000000, 1824.000000, 1824.000000, 20516.000000, 0.993377, 0.006167,0,0,0,0,0,0,0,0,0,0,0,0,39931012,13623554,3612752,0,0,0,0,0,0,
370.000000, 2624.000000, 2624.000000, 35823.000000, 0.996158, 0.005203,0,0,0,0,0,0,0,0,0,0,0,0,82635012,27927375,7247217,0,0,0,0,0,0,
371.000000, 4510.000000, 4510.000000, 21199.000000, 0.998972, 0.001042,0,0,0,0,0,0,0,0,0,0,0,0,244099244,81704440,20661730,0,0,0,0,0,0,
372.000000, 12127.000000, 12127.000000, 48137.000000, 0.999633, 0.000327,0,0,0,0,0,0,0,0,0,0,0,0,1764818060,589152741,147892253,0,0,0,0,0,0,
375.000000, 1348.000000, 1348.000000, 19457.000000, 0.991372, 0.010708,0,0,0,0,0,0,0,0,0,0,0,0,21810644,7493822,2023634,0,0,0,0,0,0,
376.000000, 9540.000000, 9540.000000, 207308.000000, 0.997696, 0.002278,0,0,0,0,0,0,0,0,0,0,0,0,1092177364,366925398,93660908,0,0,0,0,0,0,
377.000000, 3456.000000, 3456.000000, 66528.000000, 0.994141, 0.005570,0,0,0,0,0,0,0,0,0,0,0,0,143341060,48740856,12823704,0,0,0,0,0,0,
379.000000, 12328.000000, 12328.000000, 177578.000000, 0.998918, 0.001168,0,0,0,0,0,0,0,0,0,0,0,0,1823804324,610252847,154127232,0,0,0,0,0,0,
380.000000, 317.000000, 317.000000, 7327.000000, 0.926569, 0.072913,0,0,0,0,0,0,0,0,0,0,0,0,1207140,502979,181207,0,0,0,0,0,0,
381.000000, 317.000000, 317.000000, 7327.000000, 0.938620, 0.072913,0,0,0,0,0,0,0,0,0,0,0,0,1207140,487236,168320,0,0,0,0,0,0,
382.000000, 317.000000, 317.000000, 7327.000000, 0.925076, 0.072913,0,0,0,0,0,0,0,0,0,0,0,0,1207140,504929,182742,0,0,0,0,0,0,
383.000000, 317.000000, 317.000000, 7327.000000, 0.938620, 0.072913,0,0,0,0,0,0,0,0,0,0,0,0,1207140,487236,168320,0,0,0,0,0,0,
384.000000, 1182.000000, 1182.000000, 32747.000000, 0.976373, 0.023439,0,0,0,0,0,0,0,0,0,0,0,0,16770220,6036562,1797359,0,0,0,0,0,0,
385.000000, 1182.000000, 1182.000000, 32747.000000, 0.978188, 0.023439,0,0,0,0,0,0,0,0,0,0,0,0,16770220,6003594,1768375,0,0,0,0,0,0,
386.000000, 1182.000000, 1182.000000, 32747.000000, 0.976074, 0.023439,0,0,0,0,0,0,0,0,0,0,0,0,16770220,6041983,1801922,0,0,0,0,0,0,
387.000000, 1182.000000, 1182.000000, 32747.000000, 0.978188, 0.023439,0,0,0,0,0,0,0,0,0,0,0,0,16770220,6003594,1768375,0,0,0,0,0,0,
388.000000, 1182.000000, 1182.000000, 32747.000000, 0.976074, 0.023439,0,0,0,0,0,0,0,0,0,0,0,0,16770220,6041983,1801922,0,0,0,0,0,0,
389.000000, 2597.000000, 2597.000000, 76367.000000, 0.988575, 0.011323,0,0,0,0,0,0,0,0,0,0,0,0,80943300,28020914,7695030,0,0,0,0,0,0,
390.000000, 2597.000000, 2597.000000, 76367.000000, 0.989152, 0.011323,0,0,0,0,0,0,0,0,0,0,0,0,80943300,27970344,7650355,0,0,0,0,0,0,
391.000000, 2597.000000, 2597.000000, 76367.000000, 0.988477, 0.011323,0,0,0,0,0,0,0,0,0,0,0,0,80943300,28029481,7702294,0,0,0,0,0,0,
392.000000, 2597.000000, 2597.000000, 76367.000000, 0.989152, 0.011323,0,0,0,0,0,0,0,0,0,0,0,0,80943300,27970344,7650355,0,0,0,0,0,0,
393.000000, 2597.000000, 2597.000000, 76367.000000, 0.988477, 0.011323,0,0,0,0,0,0,0,0,0,0,0,0,80943300,28029481,7702294,0,0,0,0,0,0,
394.000000, 2597.000000, 2597.000000, 76367.000000, 0.989152, 0.011323,0,0,0,0,0,0,0,0,0,0,0,0,80943300,27970344,7650355,0,0,0,0,0,0,
395.000000, 4562.000000, 4562.000000, 138187.000000, 0.993304, 0.006640,0,0,0,0,0,0,0,0,0,0,0,0,249760380,85132098,22538685,0,0,0,0,0,0,
396.000000, 4562.000000, 4562.000000, 138187.000000, 0.993549, 0.006640,0,0,0,0,0,0,0,0,0,0,0,0,249760380,85065603,22479000,0,0,0,0,0,0,
397.000000, 4562.000000, 4562.000000, 138187.000000, 0.993255, 0.006640,0,0,0,0,0,0,0,0,0,0,0,0,249760380,85145176,22549740,0,0,0,0,0,0,
398.000000, 4562.000000, 4562.000000, 138187.000000, 0.993549, 0.006640,0,0,0,0,0,0,0,0,0,0,0,0,249760380,85065603,22479000,0,0,0,0,0,0,
399.000000, 4562.000000, 4562.000000, 138187.000000, 0.993255, 0.006640,0,0,0,0,0,0,0,0,0,0,0,0,249760380,85145176,22549740,0,0,0,0,0,0,
400.000000, 4562.000000, 4562.000000, 138187.000000, 0.993549, 0.006640,0,0,0,0,0,0,0,0,0,0,0,0,249760380,85065603,22479000,0,0,0,0,0,0,
401.000000, 4562.000000, 4562.000000, 138187.000000, 0.993255, 0.006640,0,0,0,0,0,0,0,0,0,0,0,0,249760380,85145176,22549740,0,0,0,0,0,0,
402.000000, 4562.000000, 4562.000000, 138187.000000, 0.993549, 0.006640,0,0,0,0,0,0,0,0,0,0,0,0,249760380,85065603,22479000,0,0,0,0,0,0,
403.000000, 4562.000000, 4562.000000, 138187.000000, 0.993255, 0.006640,0,0,0,0,0,0,0,0,0,0,0,0,249760380,85145176,22549740,0,0,0,0,0,0,
404.000000, 4562.000000, 4562.000000, 138187.000000, 0.993549, 0.006640,0,0,0,0,0,0,0,0,0,0,0,0,249760380,85065603,22479000,0,0,0,0,0,0,
405.000000, 4562.000000, 4562.000000, 138187.000000, 0.993255, 0.006640,0,0,0,0,0,0,0,0,0,0,0,0,249760380,85145176,22549740,0,0,0,0,0,0,
406.000000, 216.000000, 216.000000, 4352.000000, 0.925947, 0.093278,0,0,0,0,0,0,0,0,0,0,0,0,560740,235019,84686,0,0,0,0,0,0,
407.000000, 2410.000000, 2410.000000, 28625.000000, 0.994665, 0.004928,0,0,0,0,0,0,0,0,0,0,0,0,69706844,23673841,6208793,0,0,0,0,0,0,
408.000000, 2548.000000, 2548.000000, 29928.000000, 0.995014, 0.004610,0,0,0,0,0,0,0,0,0,0,0,0,77917844,26430818,6911547,0,0,0,0,0,0,
409.000000, 16614.000000, 16614.000000, 1096948.000000, 0.996133, 0.003974,0,0,0,0,0,0,0,0,0,0,0,0,3312366412,1118241954,289094720,0,0,0,0,0,0,
410.000000, 3973.000000, 3973.000000, 42092.000000, 0.997166, 0.002667,0,0,0,0,0,0,0,0,0,0,0,0,189432644,63783972,16372603,0,0,0,0,0,0,
411.000000, 2568.000000, 2568.000000, 39098.000000, 0.993682, 0.005929,0,0,0,0,0,0,0,0,0,0,0,0,79145764,26961266,7123720,0,0,0,0,0,0,
412.000000, 3251.000000, 3251.000000, 35013.000000, 0.996465, 0.003313,0,0,0,0,0,0,0,0,0,0,0,0,126841020,42813737,11058969,0,0,0,0,0,0,
413.000000, 6867.000000, 6867.000000, 52769.000000, 0.998737, 0.001119,0,0,0,0,0,0,0,0,0,0,0,0,565895740,189507088,47963509,0,0,0,0,0,0,
414.000000, 5773.000000, 5773.000000, 71805.000000, 0.997719, 0.002155,0,0,0,0,0,0,0,0,0,0,0,0,399953444,134390690,34316712,0,0,0,0,0,0,
415.000000, 12005.000000, 12005.000000, 259879.000000, 0.998118, 0.001803,0,0,0,0,0,0,0,0,0,0,0,0,1729488324,580198792,147535287,0,0,0,0,0,0,
416.000000, 441.000000, 441.000000, 13640.000000, 0.928065, 0.070135,0,0,0,0,0,0,0,0,0,0,0,0,2335540,966874,354284,0,0,0,0,0,0,
417.000000, 2203.000000, 2203.000000, 69981.000000, 0.992823, 0.014420,0,0,0,0,0,0,0,0,0,0,0,0,58247324,19900937,5312198,0,0,0,0,0,0,
418.000000, 656.000000, 656.000000, 19144.000000, 0.955326, 0.044486,0,0,0,0,0,0,0,0,0,0,0,0,5166660,1981789,656004,0,0,0,0,0,0,
419.000000, 839.000000, 839.000000, 22715.000000, 0.967246, 0.032269,0,0,0,0,0,0,0,0,0,0,0,0,8450412,3128860,980089,0,0,0,0,0,0,
420.000000, 1409.000000, 1409.000000, 43703.000000, 0.978083, 0.022014,0,0,0,0,0,0,0,0,0,0,0,0,23829012,8529335,2513377,0,0,0,0,0,0,
421.000000, 2283.000000, 2283.000000, 48737.000000, 0.990376, 0.009351,0,0,0,0,0,0,0,0,0,0,0,0,62554204,21537027,5835578,0,0,0,0,0,0,
422.000000, 848.000000, 848.000000, 24612.000000, 0.969662, 0.034226,0,0,0,0,0,0,0,0,0,0,0,0,8632644,3173616,981496,0,0,0,0,0,0,
423.000000, 2163.000000, 2163.000000, 94033.000000, 0.984100, 0.020099,0,0,0,0,0,0,0,0,0,0,0,0,56151484,19715965,5588497,0,0,0,0,0,0,
424.000000, 974.000000, 974.000000, 40782.000000, 0.974825, 0.042988,0,0,0,0,0,0,0,0,0,0,0,0,11388012,4120791,1238952,0,0,0,0,0,0,
425.000000, 2603.000000, 2603.000000, 77781.000000, 0.988275, 0.011480,0,0,0,0,0,0,0,0,0,0,0,0,81317724,28176893,7753069,0,0,0,0,0,0,
426.000000, 2870.000000, 2870.000000, 23754.000000, 0.996768, 0.002884,0,0,0,0,0,0,0,0,0,0,0,0,98854284,33339656,8593112,0,0,0,0,0,0,
427.000000, 1821.000000, 1821.000000, 27253.000000, 0.991244, 0.008219,0,0,0,0,0,0,0,0,0,0,0,0,39799780,13670779,3684033,0,0,0,0,0,0,
428.000000, 3909.000000, 3909.000000, 115357.000000, 0.994277, 0.007549,0,0,0,0,0,0,0,0,0,0,0,0,183379012,62320568,16377198,0,0,0,0,0,0,
429.000000, 1159.000000, 1159.000000, 6251.000000, 0.994807, 0.004654,0,0,0,0,0,0,0,0,0,0,0,0,16124012,5482380,1441030,0,0,0,0,0,0,
430.000000, 1733.000000, 1733.000000, 11961.000000, 0.995553, 0.003983,0,0,0,0,0,0,0,0,0,0,0,0,36046404,12214523,3185283,0,0,0,0,0,0,
431.000000, 19716.000000, 19716.000000, 228208.000000, 0.999390, 0.000587,0,0,0,0,0,0,0,0,0,0,0,0,4664726740,1558282146,391849252,0,0,0,0,0,0,
432.000000, 3079.000000, 3079.000000, 53843.000000, 0.994153, 0.005679,0,0,0,0,0,0,0,0,0,0,0,0,113775212,38690855,10181373,0,0,0,0,0,0,
433.000000, 3565.000000, 3565.000000, 67591.000000, 0.994412, 0.005318,0,0,0,0,0,0,0,0,0,0,0,0,152524964,51817159,13608426,0,0,0,0,0,0,
434.000000, 1601.000000, 1601.000000, 16950.000000, 0.992949, 0.006613,0,0,0,0,0,0,0,0,0,0,0,0,30764820,10513393,2797733,0,0,0,0,0,0,
435.000000, 7740.000000, 7740.000000, 458012.000000, 0.993221, 0.007645,0,0,0,0,0,0,0,0,0,0,0,0,718922164,245033967,64902411,0,0,0,0,0,0,
436.000000, 27.000000, 27.000000, 153.000000, 0.753086, 0.209877,0,0,0,0,0,0,0,0,0,0,0,0,8860,5712,2985,0,0,0,0,0,0,
437.000000, 1651.000000, 1651.000000, 49533.000000, 0.981599, 0.018172,0,0,0,0,0,0,0,0,0,0,0,0,32716220,11581698,3337301,0,0,0,0,0,0,
438.000000, 1633.000000, 1633.000000, 54543.000000, 0.982081, 0.020453,0,0,0,0,0,0,0,0,0,0,0,0,32006804,11314113,3251384,0,0,0,0,0,0,
439.000000, 3096.000000, 3096.000000, 106344.000000, 0.990291, 0.011095,0,0,0,0,0,0,0,0,0,0,0,0,115034980,39600256,10732234,0,0,0,0,0,0,
440.000000, 3363.000000, 3363.000000, 51417.000000, 0.995159, 0.004546,0,0,0,0,0,0,0,0,0,0,0,0,135730684,46004671,12007347,0,0,0,0,0,0,
441.000000, 13209.000000, 13209.000000, 91465.000000, 0.999769, 0.000524,0,0,0,0,0,0,0,0,0,0,0,0,2093785012,698645576,175209583,0,0,0,0,0,0,
442.000000, 10774.000000, 10774.000000, 40808.000000, 0.999720, 0.000352,0,0,0,0,0,0,0,0,0,0,0,0,1392992012,464910809,116638113,0,0,0,0,0,0,
443.000000, 11738.000000, 11738.000000, 79566.000000, 0.999734, 0.000577,0,0,0,0,0,0,0,0,0,0,0,0,1653414684,551786143,138438189,0,0,0,0,0,0,
444.000000, 3175.000000, 3175.000000, 88927.000000, 0.995374, 0.008822,0,0,0,0,0,0,0,0,0,0,0,0,120980204,40979540,10694549,0,0,0,0,0,0,
445.000000, 13535.000000, 13535.000000, 390607.000000, 0.998922, 0.002132,0,0,0,0,0,0,0,0,0,0,0,0,2198408844,735568321,185844694,0,0,0,0,0,0,
446.000000, 7320.000000, 7320.000000, 324784.000000, 0.993879, 0.006061,0,0,0,0,0,0,0,0,0,0,0,0,643018084,218710341,57598623,0,0,0,0,0,0,
447.000000, 22560.000000, 22560.000000, 1014951.000000, 0.997974, 0.001994,0,0,0,0,0,0,0,0,0,0,0,0,6107533444,2049578982,521617843,0,0,0,0,0,0,
448.000000, 9035.000000, 9035.000000, 335504.000000, 0.995794, 0.004110,0,0,0,0,0,0,0,0,0,0,0,0,979610844,331133372,85856461,0,0,0,0,0,0,
449.000000, 7.000000, 7.000000, 15.000000, 0.551020, 0.306122,0,0,0,0,0,0,0,0,0,0,0,0,620,618,405,0,0,0,0,0,0,
450.000000, 1089.000000, 1089.000000, 4228.000000, 0.996295, 0.003565,0,0,0,0,0,0,0,0,0,0,0,0,14235412,4818254,1252807,0,0,0,0,0,0,
451.000000, 1089.000000, 1089.000000, 4264.000000, 0.995818, 0.003596,0,0,0,0,0,0,0,0,0,0,0,0,14235412,4825599,1259049,0,0,0,0,0,0,
453.000000, 13935.000000, 13935.000000, 63679.000000, 0.999649, 0.000328,0,0,0,0,0,0,0,0,0,0,0,0,2330266444,777845535,195200696,0,0,0,0,0,0,
454.000000, 6747.000000, 6747.000000, 56196.000000, 0.999330, 0.001234,0,0,0,0,0,0,0,0,0,0,0,0,546291100,182592616,45982648,0,0,0,0,0,0,
455.000000, 20545.000000, 20545.000000, 159082.000000, 0.999773, 0.000377,0,0,0,0,0,0,0,0,0,0,0,0,5065246484,1689960281,423534456,0,0,0,0,0,0,
456.000000, 3268.000000, 3268.000000, 27836.000000, 0.998364, 0.002606,0,0,0,0,0,0,0,0,0,0,0,0,128170964,42998679,10936232,0,0,0,0,0,0,
457.000000, 3008.000000, 3008.000000, 27576.000000, 0.998128, 0.003048,0,0,0,0,0,0,0,0,0,0,0,0,108588804,36460576,9294455,0,0,0,0,0,0,
458.000000, 3268.000000, 3268.000000, 27836.000000, 0.998339, 0.002606,0,0,0,0,0,0,0,0,0,0,0,0,128170964,43002163,10939441,0,0,0,0,0,0,
459.000000, 3008.000000, 3008.000000, 27576.000000, 0.998124, 0.003048,0,0,0,0,0,0,0,0,0,0,0,0,108588804,36461096,9294935,0,0,0,0,0,0,
460.000000, 3083.000000, 3083.000000, 21216.000000, 0.998494, 0.002232,0,0,0,0,0,0,0,0,0,0,0,0,114071004,38254938,9719304,0,0,0,0,0,0,
461.000000, 13436.000000, 13436.000000, 94926.000000, 0.999562, 0.000526,0,0,0,0,0,0,0,0,0,0,0,0,2166366900,723346839,181665503,0,0,0,0,0,0,
462.000000, 87.000000, 87.000000, 238.000000, 0.962875, 0.031444,0,0,0,0,0,0,0,0,0,0,0,0,91180,35345,11795,0,0,0,0,0,0,
463.000000, 87.000000, 87.000000, 238.000000, 0.962346, 0.031444,0,0,0,0,0,0,0,0,0,0,0,0,91180,35397,11835,0,0,0,0,0,0,
464.000000, 53.000000, 53.000000, 149.000000, 0.934496, 0.053044,0,0,0,0,0,0,0,0,0,0,0,0,33924,14500,5521,0,0,0,0,0,0,
465.000000, 2904.000000, 2904.000000, 58142.000000, 0.996298, 0.006894,0,0,0,0,0,0,0,0,0,0,0,0,101210212,34185173,8861023,0,0,0,0,0,0,
466.000000, 5860.000000, 5860.000000, 26324.000000, 0.999487, 0.000767,0,0,0,0,0,0,0,0,0,0,0,0,412098644,137681192,34635680,0,0,0,0,0,0,
467.000000, 4008.000000, 4008.000000, 8188.000000, 0.999258, 0.000510,0,0,0,0,0,0,0,0,0,0,0,0,192784804,64475459,16258642,0,0,0,0,0,0,
468.000000, 15575.000000, 15575.000000, 33074.000000, 0.999801, 0.000136,0,0,0,0,0,0,0,0,0,0,0,0,2911029804,971198012,243375816,0,0,0,0,0,0,
470.000000, 800.000000, 800.000000, 19176.000000, 0.996362, 0.029962,0,0,0,0,0,0,0,0,0,0,0,0,7683204,2603088,687355,0,0,0,0,0,0,
471.000000, 800.000000, 800.000000, 1600.000000, 0.996917, 0.002500,0,0,0,0,0,0,0,0,0,0,0,0,7683204,2598473,674465,0,0,0,0,0,0,
472.000000, 800.000000, 800.000000, 1600.000000, 0.996906, 0.002500,0,0,0,0,0,0,0,0,0,0,0,0,7683204,2598564,674559,0,0,0,0,0,0,
473.000000, 800.000000, 800.000000, 1600.000000, 0.996878, 0.002500,0,0,0,0,0,0,0,0,0,0,0,0,7683204,2598798,674783,0,0,0,0,0,0,
478.000000, 800.000000, 800.000000, 4694.000000, 0.997170, 0.007334,0,0,0,0,0,0,0,0,0,0,0,0,7683204,2596367,673646,0,0,0,0,0,0,
479.000000, 800.000000, 800.000000, 4661.000000, 0.997217, 0.007283,0,0,0,0,0,0,0,0,0,0,0,0,7683204,2595977,673131,0,0,0,0,0,0,
481.000000, 800.000000, 800.000000, 4672.000000, 0.997225, 0.007300,0,0,0,0,0,0,0,0,0,0,0,0,7683204,2595912,673199,0,0,0,0,0,0,
482.000000, 800.000000, 800.000000, 4667.000000, 0.997202, 0.007292,0,0,0,0,0,0,0,0,0,0,0,0,7683204,2596107,673386,0,0,0,0,0,0,
488.000000, 2000.000000, 2000.000000, 19990.000000, 0.998602, 0.004998,0,0,0,0,0,0,0,0,0,0,0,0,48008004,16104733,4111504,0,0,0,0,0,0,
489.000000, 2000.000000, 2000.000000, 19990.000000, 0.998600, 0.004998,0,0,0,0,0,0,0,0,0,0,0,0,48008004,16104837,4111609,0,0,0,0,0,0,
490.000000, 2000.000000, 2000.000000, 19990.000000, 0.998603, 0.004998,0,0,0,0,0,0,0,0,0,0,0,0,48008004,16104655,4111404,0,0,0,0,0,0,
492.000000, 2000.000000, 2000.000000, 19990.000000, 0.998598, 0.004998,0,0,0,0,0,0,0,0,0,0,0,0,48008004,16104941,4111636,0,0,0,0,0,0,
493.000000, 2000.000000, 2000.000000, 19990.000000, 0.998602, 0.004998,0,0,0,0,0,0,0,0,0,0,0,0,48008004,16104707,4111469,0,0,0,0,0,0,
494.000000, 2000.000000, 2000.000000, 4000.000000, 0.998759, 0.001000,0,0,0,0,0,0,0,0,0,0,0,0,48008004,16096530,4087794,0,0,0,0,0,0,
495.000000, 2000.000000, 2000.000000, 4000.000000, 0.998748, 0.001000,0,0,0,0,0,0,0,0,0,0,0,0,48008004,16097102,4088272,0,0,0,0,0,0,
496.000000, 2000.000000, 2000.000000, 4000.000000, 0.998756, 0.001000,0,0,0,0,0,0,0,0,0,0,0,0,48008004,16096712,4087973,0,0,0,0,0,0,
501.000000, 2000.000000, 2000.000000, 11778.000000, 0.998890, 0.002945,0,0,0,0,0,0,0,0,0,0,0,0,48008004,16089744,4088361,0,0,0,0,0,0,
503.000000, 2000.000000, 2000.000000, 11766.000000, 0.998878, 0.002942,0,0,0,0,0,0,0,0,0,0,0,0,48008004,16090355,4089155,0,0,0,0,0,0,
504.000000, 2000.000000, 2000.000000, 11785.000000, 0.998880, 0.002946,0,0,0,0,0,0,0,0,0,0,0,0,48008004,16090238,4088736,0,0,0,0,0,0,
505.000000, 2000.000000, 2000.000000, 11779.000000, 0.998885, 0.002945,0,0,0,0,0,0,0,0,0,0,0,0,48008004,16090004,4088725,0,0,0,0,0,0,
520.000000, 5000.000000, 5000.000000, 12498.000000, 0.999547, 0.000500,0,0,0,0,0,0,0,0,0,0,0,0,300020004,100227093,25211961,0,0,0,0,0,0,
521.000000, 5000.000000, 5000.000000, 10000.000000, 0.999503, 0.000400,0,0,0,0,0,0,0,0,0,0,0,0,300020004,100241393,25220816,0,0,0,0,0,0,
523.000000, 5000.000000, 5000.000000, 29570.000000, 0.999554, 0.001183,0,0,0,0,0,0,0,0,0,0,0,0,300020004,100225039,25226089,0,0,0,0,0,0,
524.000000, 800.000000, 800.000000, 19176.000000, 0.996348, 0.029962,0,0,0,0,0,0,0,0,0,0,0,0,7683204,2603205,687055,0,0,0,0,0,0,
526.000000, 7000.000000, 7000.000000, 17148.000000, 0.999677, 0.000350,0,0,0,0,0,0,0,0,0,0,0,0,588028004,196317944,49296406,0,0,0,0,0,0,
527.000000, 7000.000000, 7000.000000, 14000.000000, 0.999645, 0.000286,0,0,0,0,0,0,0,0,0,0,0,0,588028004,196338094,49309607,0,0,0,0,0,0,
529.000000, 7000.000000, 7000.000000, 41459.000000, 0.999682, 0.000846,0,0,0,0,0,0,0,0,0,0,0,0,588028004,196314512,49317073,0,0,0,0,0,0,
530.000000, 8000.000000, 8000.000000, 16000.000000, 0.999689, 0.000250,0,0,0,0,0,0,0,0,0,0,0,0,768032004,256386997,64354487,0,0,0,0,0,0,
531.000000, 9000.000000, 9000.000000, 18000.000000, 0.999723, 0.000222,0,0,0,0,0,0,0,0,0,0,0,0,972036004,324436095,81399539,0,0,0,0,0,0,
532.000000, 10000.000000, 10000.000000, 20000.000000, 0.999751, 0.000200,0,0,0,0,0,0,0,0,0,0,0,0,1200040004,400484166,100443682,0,0,0,0,0,0,
533.000000, 800.000000, 800.000000, 19176.000000, 0.996341, 0.029962,0,0,0,0,0,0,0,0,0,0,0,0,7683204,2603270,687249,0,0,0,0,0,0,
534.000000, 800.000000, 800.000000, 19176.000000, 0.996356, 0.029962,0,0,0,0,0,0,0,0,0,0,0,0,7683204,2603140,687308,0,0,0,0,0,0,
535.000000, 800.000000, 800.000000, 19176.000000, 0.996362, 0.029962,0,0,0,0,0,0,0,0,0,0,0,0,7683204,2603088,687327,0,0,0,0,0,0,
539.000000, 2395.000000, 2395.000000, 17319.000000, 0.997586, 0.003019,0,0,0,0,0,0,0,0,0,0,0,0,68841884,23162481,5930355,0,0,0,0,0,0,
540.000000, 4960.000000, 4960.000000, 23884.000000, 0.999016, 0.000971,0,0,0,0,0,0,0,0,0,0,0,0,295239044,98800527,24958837,0,0,0,0,0,0,
543.000000, 17758.000000, 17758.000000, 126150.000000, 0.999689, 0.000400,0,0,0,0,0,0,0,0,0,0,0,0,3784229804,1262945916,316758616,0,0,0,0,0,0,
545.000000, 2880.000000, 2880.000000, 19635.000000, 0.997492, 0.002367,0,0,0,0,0,0,0,0,0,0,0,0,99544324,33494156,8581408,0,0,0,0,0,0,
546.000000, 2880.000000, 2880.000000, 19635.000000, 0.997461, 0.002367,0,0,0,0,0,0,0,0,0,0,0,0,99544324,33497484,8584278,0,0,0,0,0,0,
547.000000, 5850.000000, 5850.000000, 45465.000000, 0.998602, 0.001329,0,0,0,0,0,0,0,0,0,0,0,0,410693404,137605661,34875138,0,0,0,0,0,0,
548.000000, 5850.000000, 5850.000000, 45465.000000, 0.998588, 0.001329,0,0,0,0,0,0,0,0,0,0,0,0,410693404,137611602,34880275,0,0,0,0,0,0,
549.000000, 11790.000000, 11790.000000, 114671.000000, 0.999151, 0.000825,0,0,0,0,0,0,0,0,0,0,0,0,1668096364,557738349,140580282,0,0,0,0,0,0,
550.000000, 11790.000000, 11790.000000, 114671.000000, 0.999144, 0.000825,0,0,0,0,0,0,0,0,0,0,0,0,1668096364,557751570,140591771,0,0,0,0,0,0,
551.000000, 14760.000000, 14760.000000, 157990.000000, 0.999267, 0.000725,0,0,0,0,0,0,0,0,0,0,0,0,2614350244,873742190,219975075,0,0,0,0,0,0,
552.000000, 17730.000000, 17730.000000, 203316.000000, 0.999367, 0.000647,0,0,0,0,0,0,0,0,0,0,0,0,3772305724,1260283591,316986424,0,0,0,0,0,0,
553.000000, 17730.000000, 17730.000000, 203316.000000, 0.999362, 0.000647,0,0,0,0,0,0,0,0,0,0,0,0,3772305724,1260303962,317004145,0,0,0,0,0,0,
554.000000, 23670.000000, 23670.000000, 293976.000000, 0.999499, 0.000525,0,0,0,0,0,0,0,0,0,0,0,0,6723321484,2245101871,563963944,0,0,0,0,0,0,
555.000000, 23670.000000, 23670.000000, 293976.000000, 0.999495, 0.000525,0,0,0,0,0,0,0,0,0,0,0,0,6723321484,2245130744,563989038,0,0,0,0,0,0,
568.000000, 6774.000000, 6774.000000, 38692.000000, 0.999334, 0.000843,0,0,0,0,0,0,0,0,0,0,0,0,550672012,184054252,46357514,0,0,0,0,0,0,
569.000000, 6774.000000, 6774.000000, 38692.000000, 0.999293, 0.000843,0,0,0,0,0,0,0,0,0,0,0,0,550672012,184078757,46378158,0,0,0,0,0,0,
570.000000, 13694.000000, 13694.000000, 82842.000000, 0.999658, 0.000442,0,0,0,0,0,0,0,0,0,0,0,0,2250362412,751155245,188507815,0,0,0,0,0,0,
571.000000, 13694.000000, 13694.000000, 82842.000000, 0.999641, 0.000442,0,0,0,0,0,0,0,0,0,0,0,0,2250362412,751197651,188543610,0,0,0,0,0,0,
572.000000, 20614.000000, 20614.000000, 127182.000000, 0.999770, 0.000299,0,0,0,0,0,0,0,0,0,0,0,0,5099326412,1701349557,426432883,0,0,0,0,0,0,
573.000000, 20614.000000, 20614.000000, 127182.000000, 0.999758, 0.000299,0,0,0,0,0,0,0,0,0,0,0,0,5099326412,1701414076,426487393,0,0,0,0,0,0,
580.000000, 9129.000000, 9129.000000, 56175.000000, 0.999306, 0.000674,0,0,0,0,0,0,0,0,0,0,0,0,1000100212,334252247,84161912,0,0,0,0,0,0,
581.000000, 9129.000000, 9129.000000, 56175.000000, 0.999288, 0.000674,0,0,0,0,0,0,0,0,0,0,0,0,1000100212,334271942,84178681,0,0,0,0,0,0,
582.000000, 18289.000000, 18289.000000, 113435.000000, 0.999655, 0.000339,0,0,0,0,0,0,0,0,0,0,0,0,4013923412,1339743257,336135672,0,0,0,0,0,0,
583.000000, 18289.000000, 18289.000000, 113435.000000, 0.999646, 0.000339,0,0,0,0,0,0,0,0,0,0,0,0,4013923412,1339780320,336167287,0,0,0,0,0,0,
594.000000, 821.000000, 1876.000000, 10705.000000, 0.992248, 0.006950,0,0,0,0,0,0,0,0,0,0,0,0,18489860,6346044,1703525,0,0,0,0,0,0,
595.000000, 2262.000000, 12061.000000, 23264.000000, 0.998767, 0.000853,0,0,0,0,0,0,0,0,0,0,0,0,327432032,109758300,27852885,0,0,0,0,0,0,
596.000000, 56.000000, 138.000000, 424.000000, 0.928960, 0.054865,0,0,0,0,0,0,0,0,0,0,0,0,93292,40281,15450,0,0,0,0,0,0,
597.000000, 27.000000, 51.000000, 102.000000, 0.894699, 0.074074,0,0,0,0,0,0,0,0,0,0,0,0,16732,8233,3667,0,0,0,0,0,0,
598.000000, 488.000000, 615.000000, 2862.000000, 0.989944, 0.009536,0,0,0,0,0,0,0,0,0,0,0,0,3603904,1249578,342542,0,0,0,0,0,0,
599.000000, 516.000000, 758.000000, 4740.000000, 0.986807, 0.012119,0,0,0,0,0,0,0,0,0,0,0,0,4696572,1643744,458893,0,0,0,0,0,0,
600.000000, 516.000000, 758.000000, 4756.000000, 0.986766, 0.012160,0,0,0,0,0,0,0,0,0,0,0,0,4696572,1643952,459085,0,0,0,0,0,0,
601.000000, 305.000000, 472.000000, 2494.000000, 0.980661, 0.017324,0,0,0,0,0,0,0,0,0,0,0,0,1729412,619608,179820,0,0,0,0,0,0,
602.000000, 173.000000, 295.000000, 3408.000000, 0.940982, 0.066778,0,0,0,0,0,0,0,0,0,0,0,0,613604,248040,85899,0,0,0,0,0,0,
603.000000, 74.000000, 114.000000, 522.000000, 0.929943, 0.061878,0,0,0,0,0,0,0,0,0,0,0,0,101692,43275,16194,0,0,0,0,0,0,
604.000000, 643.000000, 1586.000000, 5532.000000, 0.993648, 0.005425,0,0,0,0,0,0,0,0,0,0,0,0,12243924,4188806,1115796,0,0,0,0,0,0,
605.000000, 2324.000000, 4486.000000, 14996.000000, 0.998335, 0.001438,0,0,0,0,0,0,0,0,0,0,0,0,125123516,41999258,10695640,0,0,0,0,0,0,
606.000000, 233.000000, 334.000000, 1448.000000, 0.978579, 0.018607,0,0,0,0,0,0,0,0,0,0,0,0,935204,338327,99860,0,0,0,0,0,0,
607.000000, 220.000000, 303.000000, 2202.000000, 0.965212, 0.033033,0,0,0,0,0,0,0,0,0,0,0,0,801136,301659,94722,0,0,0,0,0,0,
608.000000, 271.000000, 482.000000, 1896.000000, 0.984826, 0.014515,0,0,0,0,0,0,0,0,0,0,0,0,1569396,555990,158278,0,0,0,0,0,0,
609.000000, 3516.000000, 7248.000000, 18168.000000, 0.999269, 0.000713,0,0,0,0,0,0,0,0,0,0,0,0,305836612,102293898,25815157,0,0,0,0,0,0,
611.000000, 3068.000000, 6411.000000, 15977.000000, 0.999159, 0.000812,0,0,0,0,0,0,0,0,0,0,0,0,236053024,78993373,19962353,0,0,0,0,0,0,
613.000000, 1903.000000, 3371.000000, 21234.000000, 0.996265, 0.003310,0,0,0,0,0,0,0,0,0,0,0,0,76993644,26025531,6747599,0,0,0,0,0,0,
614.000000, 929.000000, 3562.000000, 10708.000000, 0.996746, 0.003236,0,0,0,0,0,0,0,0,0,0,0,0,39723428,13433392,3479965,0,0,0,0,0,0,
615.000000, 2171.000000, 5831.000000, 33081.000000, 0.997034, 0.002613,0,0,0,0,0,0,0,0,0,0,0,0,151932540,51217874,13185041,0,0,0,0,0,0,
616.000000, 415.000000, 6184.000000, 37704.000000, 0.990065, 0.014692,0,0,0,0,0,0,0,0,0,0,0,0,30821060,10695869,2948245,0,0,0,0,0,0,
617.000000, 444.000000, 757.000000, 4201.000000, 0.994053, 0.012499,0,0,0,0,0,0,0,0,0,0,0,0,4036328,1382555,369276,0,0,0,0,0,0,
618.000000, 1503.000000, 2604.000000, 25432.000000, 0.998242, 0.006498,0,0,0,0,0,0,0,0,0,0,0,0,46976164,15786363,4053305,0,0,0,0,0,0,
619.000000, 6071.000000, 12230.000000, 35632.000000, 0.999565, 0.000480,0,0,0,0,0,0,0,0,0,0,0,0,891028884,297609197,74821973,0,0,0,0,0,0,
620.000000, 223.000000, 472.000000, 2768.000000, 0.971831, 0.026298,0,0,0,0,0,0,0,0,0,0,0,0,1264964,467145,142482,0,0,0,0,0,0,
621.000000, 400.000000, 816.000000, 2537.000000, 0.990604, 0.007773,0,0,0,0,0,0,0,0,0,0,0,0,3920068,1358551,372188,0,0,0,0,0,0,
622.000000, 524.000000, 1028.000000, 6401.000000, 0.991370, 0.011883,0,0,0,0,0,0,0,0,0,0,0,0,6468180,2231597,605350,0,0,0,0,0,0,
623.000000, 497.000000, 1064.000000, 2760.000000, 0.993423, 0.005219,0,0,0,0,0,0,0,0,0,0,0,0,6349956,2177494,583333,0,0,0,0,0,0,
624.000000, 24.000000, 1049.000000, 13427.000000, 0.660867, 0.533325,0,0,0,0,0,0,0,0,0,0,0,0,306312,228506,127364,0,0,0,0,0,0,
625.000000, 627.000000, 1677.000000, 9868.000000, 0.995996, 0.009385,0,0,0,0,0,0,0,0,0,0,0,0,12624460,4287502,1123590,0,0,0,0,0,0,
626.000000, 25.000000, 10524.000000, 129042.000000, 0.778788, 0.490468,0,0,0,0,0,0,0,0,0,0,0,0,3199300,1977421,1013518,0,0,0,0,0,0,
627.000000, 3000.000000, 13525.000000, 50284.000000, 0.999316, 0.001239,0,0,0,0,0,0,0,0,0,0,0,0,486954104,162877174,41098912,0,0,0,0,0,0,
628.000000, 1309.000000, 1706.000000, 6937.000000, 0.996492, 0.003106,0,0,0,0,0,0,0,0,0,0,0,0,26804676,9061765,2350240,0,0,0,0,0,0,
629.000000, 616.000000, 1160.000000, 2445.000000, 0.995313, 0.003422,0,0,0,0,0,0,0,0,0,0,0,0,8579364,2920361,769276,0,0,0,0,0,0,
630.000000, 2392.000000, 5598.000000, 31070.000000, 0.997517, 0.002320,0,0,0,0,0,0,0,0,0,0,0,0,160707388,54083545,13866127,0,0,0,0,0,0,
631.000000, 2392.000000, 5598.000000, 31070.000000, 0.997517, 0.002320,0,0,0,0,0,0,0,0,0,0,0,0,160707388,54083545,13866127,0,0,0,0,0,0,
632.000000, 300.000000, 645.000000, 5620.000000, 0.968320, 0.029044,0,0,0,0,0,0,0,0,0,0,0,0,2324584,864034,266800,0,0,0,0,0,0,
633.000000, 440.000000, 946.000000, 8252.000000, 0.978378, 0.019825,0,0,0,0,0,0,0,0,0,0,0,0,4998668,1797120,528257,0,0,0,0,0,0,
634.000000, 140.000000, 301.000000, 2612.000000, 0.932368, 0.061984,0,0,0,0,0,0,0,0,0,0,0,0,506888,210450,75480,0,0,0,0,0,0,
635.000000, 174.000000, 316.000000, 2443.000000, 0.971373, 0.044431,0,0,0,0,0,0,0,0,0,0,0,0,661076,245478,75804,0,0,0,0,0,0,
636.000000, 43.000000, 68.000000, 313.000000, 0.874145, 0.107045,0,0,0,0,0,0,0,0,0,0,0,0,35364,17592,7716,0,0,0,0,0,0,
637.000000, 2426.000000, 3602.000000, 8404.000000, 0.998766, 0.000962,0,0,0,0,0,0,0,0,0,0,0,0,104875836,35151617,8918277,0,0,0,0,0,0,
638.000000, 14694.000000, 21349.000000, 49058.000000, 0.999796, 0.000156,0,0,0,0,0,0,0,0,0,0,0,0,3764511872,1255982354,314774241,0,0,0,0,0,0,
641.000000, 153.000000, 366.000000, 1136.000000, 0.977606, 0.020286,0,0,0,0,0,0,0,0,0,0,0,0,673444,246174,74418,0,0,0,0,0,0,
642.000000, 846.000000, 1966.000000, 10137.000000, 0.993443, 0.006095,0,0,0,0,0,0,0,0,0,0,0,0,19966700,6826202,1818742,0,0,0,0,0,0,
643.000000, 3136.000000, 9408.000000, 144848.000000, 0.994874, 0.004910,0,0,0,0,0,0,0,0,0,0,0,0,354079492,120130585,31428643,0,0,0,0,0,0,
644.000000, 687.000000, 1620.000000, 3168.000000, 0.996073, 0.002847,0,0,0,0,0,0,0,0,0,0,0,0,13361764,4534514,1186138,0,0,0,0,0,0,
645.000000, 1118.000000, 25067.000000, 144812.000000, 0.997357, 0.005167,0,0,0,0,0,0,0,0,0,0,0,0,336399144,113463799,29360148,0,0,0,0,0,0,
649.000000, 2953.000000, 7716.000000, 16571.000000, 0.998992, 0.000727,0,0,0,0,0,0,0,0,0,0,0,0,273455044,91563443,23167796,0,0,0,0,0,0,
650.000000, 9881.000000, 29351.000000, 63220.000000, 0.999699, 0.000218,0,0,0,0,0,0,0,0,0,0,0,0,3480324180,1161674205,291479317,0,0,0,0,0,0,
653.000000, 625.000000, 1506.000000, 6148.000000, 0.992013, 0.006532,0,0,0,0,0,0,0,0,0,0,0,0,11301028,3886854,1048000,0,0,0,0,0,0,
654.000000, 1441.000000, 4860.000000, 44375.000000, 0.993879, 0.006336,0,0,0,0,0,0,0,0,0,0,0,0,84058564,28648095,7585081,0,0,0,0,0,0,
655.000000, 410.000000, 1123.000000, 5264.000000, 0.986265, 0.011433,0,0,0,0,0,0,0,0,0,0,0,0,5529656,1941924,546267,0,0,0,0,0,0,
656.000000, 2030.000000, 6680.000000, 74949.000000, 0.994430, 0.005527,0,0,0,0,0,0,0,0,0,0,0,0,162751524,55330420,14556855,0,0,0,0,0,0,
657.000000, 940.000000, 2267.000000, 14977.000000, 0.992391, 0.007028,0,0,0,0,0,0,0,0,0,0,0,0,25580832,8770998,2353221,0,0,0,0,0,0,
658.000000, 722.000000, 2928.000000, 9265.000000, 0.994349, 0.004383,0,0,0,0,0,0,0,0,0,0,0,0,25379908,8658247,2292583,0,0,0,0,0,0,
659.000000, 975.000000, 2446.000000, 13331.000000, 0.993676, 0.005590,0,0,0,0,0,0,0,0,0,0,0,0,28627988,9774626,2596035,0,0,0,0,0,0,
660.000000, 3192.000000, 8856.000000, 38304.000000, 0.999368, 0.001355,0,0,0,0,0,0,0,0,0,0,0,0,339255652,113447256,28634976,0,0,0,0,0,0,
661.000000, 6330.000000, 22275.000000, 94950.000000, 0.999682, 0.000673,0,0,0,0,0,0,0,0,0,0,0,0,1692098104,564941499,141921408,0,0,0,0,0,0,
662.000000, 912.000000, 1632.000000, 7296.000000, 0.997764, 0.004902,0,0,0,0,0,0,0,0,0,0,0,0,17867140,6022936,1555260,0,0,0,0,0,0,
663.000000, 91.000000, 204.000000, 687.000000, 0.953620, 0.037007,0,0,0,0,0,0,0,0,0,0,0,0,223588,88737,30462,0,0,0,0,0,0,
664.000000, 105.000000, 163.000000, 340.000000, 0.973123, 0.019866,0,0,0,0,0,0,0,0,0,0,0,0,206036,77072,24347,0,0,0,0,0,0,
665.000000, 205.000000, 317.000000, 665.000000, 0.986243, 0.010233,0,0,0,0,0,0,0,0,0,0,0,0,781092,276658,79021,0,0,0,0,0,0,
666.000000, 50.000000, 78.000000, 160.000000, 0.943590, 0.041026,0,0,0,0,0,0,0,0,0,0,0,0,47116,19732,7372,0,0,0,0,0,0,
667.000000, 50.000000, 78.000000, 148.000000, 0.944359, 0.037949,0,0,0,0,0,0,0,0,0,0,0,0,47116,19693,7342,0,0,0,0,0,0,
668.000000, 471.000000, 671.000000, 1725.000000, 0.993428, 0.005458,0,0,0,0,0,0,0,0,0,0,0,0,3795180,1301925,349015,0,0,0,0,0,0,
669.000000, 129.000000, 185.000000, 465.000000, 0.976325, 0.019485,0,0,0,0,0,0,0,0,0,0,0,0,287124,105789,32499,0,0,0,0,0,0,
670.000000, 330.000000, 600.000000, 2732.000000, 0.984591, 0.013798,0,0,0,0,0,0,0,0,0,0,0,0,2378404,841287,239548,0,0,0,0,0,0,
671.000000, 660.000000, 1200.000000, 5469.000000, 0.992295, 0.006905,0,0,0,0,0,0,0,0,0,0,0,0,9508804,3266550,878842,0,0,0,0,0,0,
672.000000, 990.000000, 1800.000000, 8206.000000, 0.994864, 0.004605,0,0,0,0,0,0,0,0,0,0,0,0,21391204,7275813,1914140,0,0,0,0,0,0,
673.000000, 388.000000, 466.000000, 1534.000000, 0.989757, 0.008484,0,0,0,0,0,0,0,0,0,0,0,0,2171564,754788,207826,0,0,0,0,0,0,
674.000000, 490.000000, 1275.000000, 3288.000000, 0.992820, 0.005263,0,0,0,0,0,0,0,0,0,0,0,0,7502104,2577742,693285,0,0,0,0,0,0,
675.000000, 77.000000, 760.000000, 2388.000000, 0.951743, 0.040807,0,0,0,0,0,0,0,0,0,0,0,0,705284,282976,98944,0,0,0,0,0,0,
676.000000, 147.000000, 1350.000000, 4316.000000, 0.974512, 0.021749,0,0,0,0,0,0,0,0,0,0,0,0,2386804,881178,270654,0,0,0,0,0,0,
677.000000, 397.000000, 2750.000000, 8584.000000, 0.990758, 0.007863,0,0,0,0,0,0,0,0,0,0,0,0,13112004,4542194,1242288,0,0,0,0,0,0,
678.000000, 300.000000, 660.000000, 1872.000000, 0.990121, 0.009455,0,0,0,0,0,0,0,0,0,0,0,0,2378644,828012,228548,0,0,0,0,0,0,
679.000000, 1090.000000, 2500.000000, 7334.000000, 0.997219, 0.002691,0,0,0,0,0,0,0,0,0,0,0,0,32710004,11038538,2850143,0,0,0,0,0,0,
680.000000, 1480.000000, 3340.000000, 9734.000000, 0.997957, 0.001969,0,0,0,0,0,0,0,0,0,0,0,0,59331764,19957538,5111564,0,0,0,0,0,0,
681.000000, 117.000000, 253.000000, 1179.000000, 0.955711, 0.039830,0,0,0,0,0,0,0,0,0,0,0,0,356228,139519,46783,0,0,0,0,0,0,
682.000000, 96.000000, 162.000000, 777.000000, 0.944959, 0.049961,0,0,0,0,0,0,0,0,0,0,0,0,187276,75952,26728,0,0,0,0,0,0,
683.000000, 536.000000, 1777.000000, 3558.000000, 0.994405, 0.003736,0,0,0,0,0,0,0,0,0,0,0,0,11436776,3907621,1037712,0,0,0,0,0,0,
684.000000, 402.000000, 2166.000000, 6380.000000, 0.992613, 0.007327,0,0,0,0,0,0,0,0,0,0,0,0,10457452,3601224,972820,0,0,0,0,0,0,
685.000000, 402.000000, 1506.000000, 4400.000000, 0.992646, 0.007268,0,0,0,0,0,0,0,0,0,0,0,0,7270972,2503644,676143,0,0,0,0,0,0,
686.000000, 778.000000, 4363.000000, 12882.000000, 0.996178, 0.003795,0,0,0,0,0,0,0,0,0,0,0,0,40750424,13816124,3609126,0,0,0,0,0,0,
687.000000, 778.000000, 2467.000000, 7194.000000, 0.996205, 0.003748,0,0,0,0,0,0,0,0,0,0,0,0,23041784,7811492,2039960,0,0,0,0,0,0,
688.000000, 1151.000000, 5533.000000, 16276.000000, 0.997421, 0.002556,0,0,0,0,0,0,0,0,0,0,0,0,76443932,25775983,6643558,0,0,0,0,0,0,
689.000000, 1151.000000, 2869.000000, 8284.000000, 0.997447, 0.002509,0,0,0,0,0,0,0,0,0,0,0,0,39638108,13364407,3443547,0,0,0,0,0,0,
690.000000, 1227.000000, 2735.000000, 8001.000000, 0.997763, 0.002384,0,0,0,0,0,0,0,0,0,0,0,0,40281084,13564742,3486949,0,0,0,0,0,0,
691.000000, 356.000000, 614.000000, 4003.000000, 0.979244, 0.018313,0,0,0,0,0,0,0,0,0,0,0,0,2625468,943165,276030,0,0,0,0,0,0,
692.000000, 359.000000, 1274.000000, 3230.000000, 0.990747, 0.007062,0,0,0,0,0,0,0,0,0,0,0,0,5493492,1904888,521091,0,0,0,0,0,0,
693.000000, 361.000000, 1383.000000, 3339.000000, 0.991089, 0.006688,0,0,0,0,0,0,0,0,0,0,0,0,5996692,2077041,566912,0,0,0,0,0,0,
694.000000, 467.000000, 1274.000000, 3878.000000, 0.992526, 0.006518,0,0,0,0,0,0,0,0,0,0,0,0,7144596,2458051,661499,0,0,0,0,0,0,
695.000000, 117.000000, 165.000000, 501.000000, 0.966123, 0.025952,0,0,0,0,0,0,0,0,0,0,0,0,232324,88386,28509,0,0,0,0,0,0,
696.000000, 2157.000000, 3045.000000, 9357.000000, 0.998380, 0.001425,0,0,0,0,0,0,0,0,0,0,0,0,78828964,26459298,6738131,0,0,0,0,0,0,
697.000000, 16675.000000, 23541.000000, 76473.000000, 0.999790, 0.000195,0,0,0,0,0,0,0,0,0,0,0,0,4710648268,1571634426,393878205,0,0,0,0,0,0,
698.000000, 1000.000000, 8806.000000, 27836.000000, 0.996243, 0.003161,0,0,0,0,0,0,0,0,0,0,0,0,105707228,35794986,9319448,0,0,0,0,0,0,
699.000000, 333.000000, 628.000000, 4561.000000, 0.977487, 0.021810,0,0,0,0,0,0,0,0,0,0,0,0,2512004,907772,271188,0,0,0,0,0,0,
700.000000, 198.000000, 346.000000, 1051.000000, 0.981447, 0.015341,0,0,0,0,0,0,0,0,0,0,0,0,823484,296115,86778,0,0,0,0,0,0,
701.000000, 244.000000, 2595.000000, 70216.000000, 0.888335, 0.110894,0,0,0,0,0,0,0,0,0,0,0,0,7608544,3493416,1381764,0,0,0,0,0,0,
702.000000, 1098.000000, 8418.000000, 37487.000000, 0.995122, 0.004056,0,0,0,0,0,0,0,0,0,0,0,0,110949244,37692725,9896673,0,0,0,0,0,0,
703.000000, 348.000000, 629.000000, 1662.000000, 0.992668, 0.007593,0,0,0,0,0,0,0,0,0,0,0,0,2629224,906521,245790,0,0,0,0,0,0,
704.000000, 400.000000, 816.000000, 2537.000000, 0.990604, 0.007773,0,0,0,0,0,0,0,0,0,0,0,0,3920068,1358551,372188,0,0,0,0,0,0,
705.000000, 2671.000000, 10880.000000, 66266.000000, 0.998137, 0.002280,0,0,0,0,0,0,0,0,0,0,0,0,348769284,117119974,29884618,0,0,0,0,0,0,
706.000000, 20.000000, 40.000000, 70.000000, 0.867500, 0.087500,0,0,0,0,0,0,0,0,0,0,0,0,9764,5242,2524,0,0,0,0,0,0,
707.000000, 231.000000, 261.000000, 651.000000, 0.990280, 0.010798,0,0,0,0,0,0,0,0,0,0,0,0,724540,252982,70351,0,0,0,0,0,0,
708.000000, 3576.000000, 4400.000000, 21178.000000, 0.999388, 0.001346,0,0,0,0,0,0,0,0,0,0,0,0,188830404,63133136,15924446,0,0,0,0,0,0,
709.000000, 288.000000, 744.000000, 1590.000000, 0.989779, 0.007420,0,0,0,0,0,0,0,0,0,0,0,0,2574244,897486,248356,0,0,0,0,0,0,
710.000000, 3005.000000, 5224.000000, 10947.000000, 0.999097, 0.000697,0,0,0,0,0,0,0,0,0,0,0,0,188398340,63060467,15941948,0,0,0,0,0,0,
711.000000, 224.000000, 378.000000, 1215.000000, 0.987174, 0.014349,0,0,0,0,0,0,0,0,0,0,0,0,1017580,358878,101604,0,0,0,0,0,0,
712.000000, 197.000000, 215.000000, 467.000000, 0.989399, 0.011026,0,0,0,0,0,0,0,0,0,0,0,0,509124,178721,50309,0,0,0,0,0,0,
713.000000, 193.000000, 211.000000, 457.000000, 0.989220, 0.011222,0,0,0,0,0,0,0,0,0,0,0,0,489524,171999,48513,0,0,0,0,0,0,
714.000000, 66.000000, 131.000000, 246.000000, 0.956396, 0.028452,0,0,0,0,0,0,0,0,0,0,0,0,104280,41605,14536,0,0,0,0,0,0,
715.000000, 8.000000, 14.000000, 22.000000, 0.714286, 0.196429,0,0,0,0,0,0,0,0,0,0,0,0,1404,1112,680,0,0,0,0,0,0,
716.000000, 3792.000000, 13455.000000, 99953.000000, 0.998335, 0.001959,0,0,0,0,0,0,0,0,0,0,0,0,612310144,205405042,52243918,0,0,0,0,0,0,
717.000000, 2658.000000, 2525.000000, 20111.000000, 0.997124, 0.002997,0,0,0,0,0,0,0,0,0,0,0,0,80547504,27137111,6977087,0,0,0,0,0,0,
718.000000, 2393.000000, 5596.000000, 31074.000000, 0.997517, 0.002320,0,0,0,0,0,0,0,0,0,0,0,0,160717124,54086787,13866933,0,0,0,0,0,0,
719.000000, 9.000000, 13.000000, 26.000000, 0.717949, 0.222222,0,0,0,0,0,0,0,0,0,0,0,0,1460,1129,679,0,0,0,0,0,0,
720.000000, 11.000000, 17.000000, 29.000000, 0.780749, 0.155080,0,0,0,0,0,0,0,0,0,0,0,0,2316,1577,893,0,0,0,0,0,0,
721.000000, 54.000000, 108.000000, 750.000000, 0.885117, 0.128601,0,0,0,0,0,0,0,0,0,0,0,0,70420,33790,14284,0,0,0,0,0,0,
722.000000, 477.000000, 531.000000, 5062.000000, 0.991010, 0.019985,0,0,0,0,0,0,0,0,0,0,0,0,3041572,1051269,286638,0,0,0,0,0,0,
723.000000, 994.000000, 1082.000000, 13101.000000, 0.995689, 0.012181,0,0,0,0,0,0,0,0,0,0,0,0,12910428,4379636,1150768,0,0,0,0,0,0,
724.000000, 312.000000, 604.000000, 1208.000000, 0.990385, 0.006410,0,0,0,0,0,0,0,0,0,0,0,0,2263796,787036,216536,0,0,0,0,0,0,
725.000000, 361.000000, 741.000000, 2933.000000, 0.987910, 0.010964,0,0,0,0,0,0,0,0,0,0,0,0,3212980,1123926,312853,0,0,0,0,0,0,
726.000000, 410.000000, 1123.000000, 5264.000000, 0.986265, 0.011433,0,0,0,0,0,0,0,0,0,0,0,0,5529656,1941924,546267,0,0,0,0,0,0,
727.000000, 323.000000, 464.000000, 1646.000000, 0.986288, 0.010983,0,0,0,0,0,0,0,0,0,0,0,0,1800324,633651,178138,0,0,0,0,0,0,
728.000000, 318.000000, 808.000000, 2591.000000, 0.991091, 0.010084,0,0,0,0,0,0,0,0,0,0,0,0,3086564,1070485,293188,0,0,0,0,0,0,
729.000000, 323.000000, 464.000000, 1626.000000, 0.986422, 0.010849,0,0,0,0,0,0,0,0,0,0,0,0,1800324,633391,177934,0,0,0,0,0,0,
730.000000, 323.000000, 464.000000, 1646.000000, 0.986288, 0.010983,0,0,0,0,0,0,0,0,0,0,0,0,1800324,633651,178138,0,0,0,0,0,0,
731.000000, 35.000000, 89.000000, 140.000000, 0.926485, 0.044944,0,0,0,0,0,0,0,0,0,0,0,0,37740,16885,6853,0,0,0,0,0,0,
732.000000, 22695.000000, 22695.000000, 1350309.000000, 0.997689, 0.002622,0,0,0,0,0,0,0,0,0,0,0,0,6180847084,2076087142,529687479,0,0,0,0,0,0,
734.000000, 1477.000000, 1477.000000, 18592.000000, 0.990924, 0.008522,0,0,0,0,0,0,0,0,0,0,0,0,26184260,9007159,2436575,0,0,0,0,0,0,
735.000000, 2954.000000, 2954.000000, 37206.000000, 0.995551, 0.004264,0,0,0,0,0,0,0,0,0,0,0,0,104725212,35456490,9231173,0,0,0,0,0,0,
736.000000, 4101.000000, 4101.000000, 82682.000000, 0.994998, 0.004916,0,0,0,0,0,0,0,0,0,0,0,0,201834820,68432004,17884416,0,0,0,0,0,0,
737.000000, 4101.000000, 4101.000000, 82682.000000, 0.994977, 0.004916,0,0,0,0,0,0,0,0,0,0,0,0,201834820,68436567,17888152,0,0,0,0,0,0,
738.000000, 7337.000000, 7337.000000, 156508.000000, 0.997084, 0.002907,0,0,0,0,0,0,0,0,0,0,0,0,646008180,217484601,55820457,0,0,0,0,0,0,
739.000000, 7337.000000, 7337.000000, 156508.000000, 0.997062, 0.002907,0,0,0,0,0,0,0,0,0,0,0,0,646008180,217500032,55833404,0,0,0,0,0,0,
740.000000, 10672.000000, 10672.000000, 232633.000000, 0.997996, 0.002043,0,0,0,0,0,0,0,0,0,0,0,0,1366741700,458703738,116787110,0,0,0,0,0,0,
741.000000, 10672.000000, 10672.000000, 232633.000000, 0.997978, 0.002043,0,0,0,0,0,0,0,0,0,0,0,0,1366741700,458731077,116810173,0,0,0,0,0,0,
742.000000, 10964.000000, 10964.000000, 233741.000000, 0.998083, 0.001944,0,0,0,0,0,0,0,0,0,0,0,0,1442555412,484008638,123136024,0,0,0,0,0,0,
743.000000, 10964.000000, 10964.000000, 233741.000000, 0.998060, 0.001944,0,0,0,0,0,0,0,0,0,0,0,0,1442555412,484045077,123167411,0,0,0,0,0,0,
744.000000, 14270.000000, 14270.000000, 307858.000000, 0.998513, 0.001512,0,0,0,0,0,0,0,0,0,0,0,0,2443651884,818696994,207477257,0,0,0,0,0,0,
745.000000, 14270.000000, 14270.000000, 307858.000000, 0.998493, 0.001512,0,0,0,0,0,0,0,0,0,0,0,0,2443651884,818749020,207522380,0,0,0,0,0,0,
746.000000, 17576.000000, 17576.000000, 381975.000000, 0.998786, 0.001237,0,0,0,0,0,0,0,0,0,0,0,0,3707059620,1240819916,313675526,0,0,0,0,0,0,
747.000000, 17576.000000, 17576.000000, 381975.000000, 0.998768, 0.001237,0,0,0,0,0,0,0,0,0,0,0,0,3707059620,1240892183,313738555,0,0,0,0,0,0,
757.000000, 1824.000000, 1824.000000, 20516.000000, 0.993378, 0.006167,0,0,0,0,0,0,0,0,0,0,0,0,39931012,13623528,3612730,0,0,0,0,0,0,
758.000000, 2146.000000, 2146.000000, 37198.000000, 0.991457, 0.008077,0,0,0,0,0,0,0,0,0,0,0,0,55272380,18967096,5100158,0,0,0,0,0,0,
759.000000, 2910.000000, 2910.000000, 88603.000000, 0.989579, 0.010463,0,0,0,0,0,0,0,0,0,0,0,0,101628844,35066234,9561383,0,0,0,0,0,0,
760.000000, 4704.000000, 4704.000000, 54730.000000, 0.997341, 0.002473,0,0,0,0,0,0,0,0,0,0,0,0,265550212,89350633,22896174,0,0,0,0,0,0,
765.000000, 9506.000000, 9506.000000, 367280.000000, 0.995863, 0.004064,0,0,0,0,0,0,0,0,0,0,0,0,1084406460,366468652,94968141,0,0,0,0,0,0,
766.000000, 9506.000000, 9506.000000, 202157.000000, 0.997663, 0.002237,0,0,0,0,0,0,0,0,0,0,0,0,1084406460,364353383,93021106,0,0,0,0,0,0,
767.000000, 9506.000000, 9506.000000, 202157.000000, 0.997663, 0.002237,0,0,0,0,0,0,0,0,0,0,0,0,1084406460,364353409,93021128,0,0,0,0,0,0,
768.000000, 9506.000000, 9506.000000, 202157.000000, 0.997663, 0.002237,0,0,0,0,0,0,0,0,0,0,0,0,1084406460,364353409,93021128,0,0,0,0,0,0,
769.000000, 9506.000000, 9506.000000, 202157.000000, 0.997663, 0.002237,0,0,0,0,0,0,0,0,0,0,0,0,1084406460,364353409,93021128,0,0,0,0,0,0,
770.000000, 9506.000000, 9506.000000, 202157.000000, 0.997663, 0.002237,0,0,0,0,0,0,0,0,0,0,0,0,1084406460,364353409,93021128,0,0,0,0,0,0,
771.000000, 9506.000000, 9506.000000, 202159.000000, 0.997663, 0.002237,0,0,0,0,0,0,0,0,0,0,0,0,1084406460,364353435,93021152,0,0,0,0,0,0,
772.000000, 9506.000000, 9506.000000, 202161.000000, 0.997663, 0.002237,0,0,0,0,0,0,0,0,0,0,0,0,1084406460,364353461,93021174,0,0,0,0,0,0,
773.000000, 9506.000000, 9506.000000, 202506.000000, 0.997659, 0.002241,0,0,0,0,0,0,0,0,0,0,0,0,1084406460,364357946,93025290,0,0,0,0,0,0,
774.000000, 9506.000000, 9506.000000, 205477.000000, 0.997626, 0.002274,0,0,0,0,0,0,0,0,0,0,0,0,1084406460,364396569,93060756,0,0,0,0,0,0,
775.000000, 9506.000000, 9506.000000, 208885.000000, 0.997589, 0.002312,0,0,0,0,0,0,0,0,0,0,0,0,1084406460,364440873,93101430,0,0,0,0,0,0,
776.000000, 9506.000000, 9506.000000, 228162.000000, 0.997375, 0.002525,0,0,0,0,0,0,0,0,0,0,0,0,1084406460,364691474,93331828,0,0,0,0,0,0,
777.000000, 9506.000000, 9506.000000, 241989.000000, 0.997222, 0.002678,0,0,0,0,0,0,0,0,0,0,0,0,1084406460,364871238,93497030,0,0,0,0,0,0,
778.000000, 9506.000000, 9506.000000, 252825.000000, 0.997097, 0.002798,0,0,0,0,0,0,0,0,0,0,0,0,1084406460,365018567,93631910,0,0,0,0,0,0,
779.000000, 9506.000000, 9506.000000, 274654.000000, 0.996855, 0.003039,0,0,0,0,0,0,0,0,0,0,0,0,1084406460,365302344,93892678,0,0,0,0,0,0,
780.000000, 9506.000000, 9506.000000, 298259.000000, 0.996594, 0.003301,0,0,0,0,0,0,0,0,0,0,0,0,1084406460,365609209,94174914,0,0,0,0,0,0,
781.000000, 9506.000000, 9506.000000, 319563.000000, 0.996358, 0.003536,0,0,0,0,0,0,0,0,0,0,0,0,1084406460,365886161,94429646,0,0,0,0,0,0,
782.000000, 9506.000000, 9506.000000, 352370.000000, 0.995995, 0.003899,0,0,0,0,0,0,0,0,0,0,0,0,1084406460,366312652,94821736,0,0,0,0,0,0,
783.000000, 9506.000000, 9506.000000, 413904.000000, 0.995314, 0.004580,0,0,0,0,0,0,0,0,0,0,0,0,1084406460,367112594,95557338,0,0,0,0,0,0,
784.000000, 9506.000000, 9506.000000, 490688.000000, 0.994465, 0.005430,0,0,0,0,0,0,0,0,0,0,0,0,1084406460,368110786,96475468,0,0,0,0,0,0,
785.000000, 9506.000000, 9506.000000, 591626.000000, 0.993348, 0.006547,0,0,0,0,0,0,0,0,0,0,0,0,1084406460,369422980,97682264,0,0,0,0,0,0,
786.000000, 9506.000000, 9506.000000, 684169.000000, 0.992324, 0.007571,0,0,0,0,0,0,0,0,0,0,0,0,1084406460,370626039,98789110,0,0,0,0,0,0,
787.000000, 9506.000000, 9506.000000, 758158.000000, 0.991505, 0.008390,0,0,0,0,0,0,0,0,0,0,0,0,1084406460,371587896,99674196,0,0,0,0,0,0,
788.000000, 9506.000000, 9506.000000, 758028.000000, 0.991506, 0.008389,0,0,0,0,0,0,0,0,0,0,0,0,1084406460,371586206,99672596,0,0,0,0,0,0,
789.000000, 9506.000000, 9506.000000, 760632.000000, 0.991477, 0.008417,0,0,0,0,0,0,0,0,0,0,0,0,1084406460,371620058,99703732,0,0,0,0,0,0,
790.000000, 9506.000000, 9506.000000, 760633.000000, 0.991477, 0.008417,0,0,0,0,0,0,0,0,0,0,0,0,1084406460,371620071,99703744,0,0,0,0,0,0,
791.000000, 8205.000000, 8205.000000, 66886.000000, 0.998885, 0.000994,0,0,0,0,0,0,0,0,0,0,0,0,807897124,270395587,68334361,0,0,0,0,0,0,
793.000000, 210.000000, 225.000000, 1050.000000, 0.989947, 0.022222,0,0,0,0,0,0,0,0,0,0,0,0,567904,198799,55624,0,0,0,0,0,0,
794.000000, 372.000000, 486.000000, 2232.000000, 0.994425, 0.012346,0,0,0,0,0,0,0,0,0,0,0,0,2171452,744072,198780,0,0,0,0,0,0,
795.000000, 602.000000, 931.000000, 4214.000000, 0.996590, 0.007519,0,0,0,0,0,0,0,0,0,0,0,0,6729272,2281611,595353,0,0,0,0,0,0,
796.000000, 912.000000, 1632.000000, 7296.000000, 0.997764, 0.004902,0,0,0,0,0,0,0,0,0,0,0,0,17867140,6022936,1555587,0,0,0,0,0,0,
797.000000, 3192.000000, 8856.000000, 38304.000000, 0.999368, 0.001355,0,0,0,0,0,0,0,0,0,0,0,0,339255652,113447256,28635936,0,0,0,0,0,0,
798.000000, 6330.000000, 22275.000000, 94950.000000, 0.999682, 0.000673,0,0,0,0,0,0,0,0,0,0,0,0,1692098104,564941499,141922374,0,0,0,0,0,0,
810.000000, 4720.000000, 4720.000000, 20042.000000, 0.998895, 0.000900,0,0,0,0,0,0,0,0,0,0,0,0,267359684,89509295,22637270,0,0,0,0,0,0,
811.000000, 14000.000000, 14000.000000, 1853104.000000, 0.990474, 0.009455,0,0,0,0,0,0,0,0,0,0,0,0,2352056004,808496376,218535696,0,0,0,0,0,0,
813.000000, 16146.000000, 16146.000000, 515651.000000, 0.997960, 0.001978,0,0,0,0,0,0,0,0,0,0,0,0,3128384380,1049944985,267290020,0,0,0,0,0,0,
814.000000, 3242.000000, 3242.000000, 294276.000000, 0.972479, 0.027998,0,0,0,0,0,0,0,0,0,0,0,0,126139740,45854493,13999345,0,0,0,0,0,0,
815.000000, 3242.000000, 3242.000000, 294276.000000, 0.972460, 0.027998,0,0,0,0,0,0,0,0,0,0,0,0,126139740,45857119,14001770,0,0,0,0,0,0,
816.000000, 21200.000000, 21200.000000, 1488768.000000, 0.996712, 0.003312,0,0,0,0,0,0,0,0,0,0,0,0,5393364804,1817310793,467462287,0,0,0,0,0,0,
817.000000, 19779.000000, 19779.000000, 674195.000000, 0.998244, 0.001723,0,0,0,0,0,0,0,0,0,0,0,0,4694585212,1574082046,399717996,0,0,0,0,0,0,
818.000000, 6316.000000, 6316.000000, 168658.000000, 0.995653, 0.004228,0,0,0,0,0,0,0,0,0,0,0,0,478727540,161922912,42048948,0,0,0,0,0,0,
819.000000, 3402.000000, 3402.000000, 137845.000000, 0.990064, 0.011910,0,0,0,0,0,0,0,0,0,0,0,0,138896860,47843846,13000438,0,0,0,0,0,0,
823.000000, 1700.000000, 1700.000000, 21509.000000, 0.992009, 0.007443,0,0,0,0,0,0,0,0,0,0,0,0,34686804,11887459,3187366,0,0,0,0,0,0,
824.000000, 300.000000, 300.000000, 3155.000000, 0.961744, 0.035056,0,0,0,0,0,0,0,0,0,0,0,0,1081204,409583,129682,0,0,0,0,0,0,
825.000000, 3060.000000, 3060.000000, 42211.000000, 0.995178, 0.004508,0,0,0,0,0,0,0,0,0,0,0,0,112375444,38090386,9944731,0,0,0,0,0,0,
826.000000, 5940.000000, 5940.000000, 83842.000000, 0.997459, 0.002376,0,0,0,0,0,0,0,0,0,0,0,0,423426964,142395031,36440658,0,0,0,0,0,0,
828.000000, 3169.000000, 3169.000000, 20841.000000, 0.997609, 0.002075,0,0,0,0,0,0,0,0,0,0,0,0,120523412,40533102,10371571,0,0,0,0,0,0,
829.000000, 3169.000000, 3169.000000, 20841.000000, 0.997609, 0.002075,0,0,0,0,0,0,0,0,0,0,0,0,120523412,40533102,10371571,0,0,0,0,0,0,
830.000000, 2903.000000, 2903.000000, 19093.000000, 0.997784, 0.002266,0,0,0,0,0,0,0,0,0,0,0,0,101140524,33998844,8692620,0,0,0,0,0,0,
831.000000, 2903.000000, 2903.000000, 19093.000000, 0.997779, 0.002266,0,0,0,0,0,0,0,0,0,0,0,0,101140524,33999442,8693126,0,0,0,0,0,0,
836.000000, 2837.000000, 2837.000000, 11407.000000, 0.998373, 0.001417,0,0,0,0,0,0,0,0,0,0,0,0,96594180,32409966,8244429,0,0,0,0,0,0,
837.000000, 5308.000000, 5308.000000, 23752.000000, 0.999059, 0.000843,0,0,0,0,0,0,0,0,0,0,0,0,338119604,113129025,28567161,0,0,0,0,0,0,
838.000000, 1048.000000, 1048.000000, 13299.000000, 0.986945, 0.012109,0,0,0,0,0,0,0,0,0,0,0,0,13183844,4596402,1278157,0,0,0,0,0,0,
839.000000, 4134.000000, 4134.000000, 94408.000000, 0.994236, 0.005524,0,0,0,0,0,0,0,0,0,0,0,0,205096012,69706570,18318468,0,0,0,0,0,0,
840.000000, 3198.000000, 3198.000000, 56934.000000, 0.994140, 0.005567,0,0,0,0,0,0,0,0,0,0,0,0,122739244,41739124,10982063,0,0,0,0,0,0,
841.000000, 2398.000000, 2398.000000, 61896.000000, 0.988828, 0.010764,0,0,0,0,0,0,0,0,0,0,0,0,69014444,23875180,6542172,0,0,0,0,0,0,
842.000000, 11107.000000, 11107.000000, 378927.000000, 0.996838, 0.003072,0,0,0,0,0,0,0,0,0,0,0,0,1480429820,498709974,128186259,0,0,0,0,0,0,
843.000000, 11107.000000, 11107.000000, 6639.000000, 0.999856, 0.000054,0,0,0,0,0,0,0,0,0,0,0,0,1480429820,493870230,123733615,0,0,0,0,0,0,
861.000000, 102.000000, 102.000000, 306.000000, 0.960784, 0.029412,0,0,0,0,0,0,0,0,0,0,0,0,125260,48576,16140,0,0,0,0,0,0,
864.000000, 1500.000000, 1500.000000, 97645.000000, 0.967445, 0.043398,0,0,0,0,0,0,0,0,0,0,0,0,27006004,9976248,3130080,0,0,0,0,0,0,
